symbol,exchange,datetime,open,high,low,close,volume
sol_usdt,BINANCE,2021-07-01 00:00:00,31.914,36.0,31.621,33.486,5574447.158999999
sol_usdt,BINANCE,2021-07-02 00:00:00,33.478,34.283,31.367,32.975,4245471.741
sol_usdt,BINANCE,2021-07-03 00:00:00,32.994,35.406,32.611,34.818,3490968.8689999995
sol_usdt,BINANCE,2021-07-04 00:00:00,34.82,35.531,33.533,34.895,2584783.2
sol_usdt,BINANCE,2021-07-05 00:00:00,34.895,35.33,32.63,32.768,3192561.968
sol_usdt,BINANCE,2021-07-06 00:00:00,32.772,35.041,32.37,33.818,3440291.5620000004
sol_usdt,BINANCE,2021-07-07 00:00:00,33.823,37.599,33.203,36.264,4023391.139
sol_usdt,BINANCE,2021-07-08 00:00:00,36.264,38.1,33.701,34.344,5045742.880000001
sol_usdt,BINANCE,2021-07-09 00:00:00,34.341,34.46,31.976,33.923,2799916.532
sol_usdt,BINANCE,2021-07-10 00:00:00,33.936,34.215,32.157,32.361,2680175.7679999997
sol_usdt,BINANCE,2021-07-11 00:00:00,32.353,32.833,31.025,32.39,2335039.5419999994
sol_usdt,BINANCE,2021-07-12 00:00:00,32.391,32.696,31.066,31.083,1799448.0040000002
sol_usdt,BINANCE,2021-07-13 00:00:00,31.083,31.196,29.107,30.255,2252786.7079999996
sol_usdt,BINANCE,2021-07-14 00:00:00,30.256,31.2,27.363,30.582,3299518.0329999994
sol_usdt,BINANCE,2021-07-15 00:00:00,30.582,31.5,28.751,28.765,3433307.852
sol_usdt,BINANCE,2021-07-16 00:00:00,28.769,29.478,27.0,28.325,3025420.177
sol_usdt,BINANCE,2021-07-17 00:00:00,28.319,28.35,25.979,26.527,2338425.149
sol_usdt,BINANCE,2021-07-18 00:00:00,26.533,27.836,26.233,26.586,2006932.879
sol_usdt,BINANCE,2021-07-19 00:00:00,26.584,27.221,23.975,24.189,2846439.507
sol_usdt,BINANCE,2021-07-20 00:00:00,24.185,24.982,22.1,23.803,3423105.116
sol_usdt,BINANCE,2021-07-21 00:00:00,23.804,27.1,22.8,26.954,3899642.254
sol_usdt,BINANCE,2021-07-22 00:00:00,26.957,27.798,25.232,27.795,3421872.486
sol_usdt,BINANCE,2021-07-23 00:00:00,27.796,28.713,26.7,26.877,2706264.2279999997
sol_usdt,BINANCE,2021-07-24 00:00:00,26.88,29.517,26.385,28.402,2850321.553
sol_usdt,BINANCE,2021-07-25 00:00:00,28.392,29.548,26.5,27.356,2715615.6089999997
sol_usdt,BINANCE,2021-07-26 00:00:00,27.351,31.115,26.98,30.087,4872710.183
sol_usdt,BINANCE,2021-07-27 00:00:00,30.07,30.9,27.121,27.7,4068144.5869999994
sol_usdt,BINANCE,2021-07-28 00:00:00,27.704,28.76,26.893,28.28,2465824.2800000003
sol_usdt,BINANCE,2021-07-29 00:00:00,28.277,30.002,27.319,29.587,2198391.6340000005
sol_usdt,BINANCE,2021-07-30 00:00:00,29.587,33.084,29.585,31.018,5715124.566
sol_usdt,BINANCE,2021-07-31 00:00:00,31.03,34.981,30.432,34.246,4307691.363000001
sol_usdt,BINANCE,2021-08-01 00:00:00,34.241,37.004,33.595,35.467,3540633.2800000003
sol_usdt,BINANCE,2021-08-02 00:00:00,35.48,36.253,33.165,33.82,3515160.747999999
sol_usdt,BINANCE,2021-08-03 00:00:00,33.82,35.9,32.327,34.92,3573330.517
sol_usdt,BINANCE,2021-08-04 00:00:00,34.92,35.639,33.236,35.363,2796668.656
sol_usdt,BINANCE,2021-08-05 00:00:00,35.374,38.267,35.353,36.702,4097518.4860000005
sol_usdt,BINANCE,2021-08-06 00:00:00,36.707,39.698,35.611,39.687,3558044.164
sol_usdt,BINANCE,2021-08-07 00:00:00,39.687,40.5,38.338,38.495,3590633.2499999995
sol_usdt,BINANCE,2021-08-08 00:00:00,38.489,39.579,37.301,37.74,2721356.356
sol_usdt,BINANCE,2021-08-09 00:00:00,37.729,39.93,36.351,39.857,1947952.2859999998
sol_usdt,BINANCE,2021-08-10 00:00:00,39.861,41.678,37.981,40.128,2615441.097
sol_usdt,BINANCE,2021-08-11 00:00:00,40.124,43.417,39.041,42.589,2465555.9150000005
sol_usdt,BINANCE,2021-08-12 00:00:00,42.589,43.729,39.316,39.828,2552544.8819999993
sol_usdt,BINANCE,2021-08-13 00:00:00,39.831,44.647,39.36,43.615,2136671.2539999997
sol_usdt,BINANCE,2021-08-14 00:00:00,43.624,44.911,42.727,44.065,1993188.506
sol_usdt,BINANCE,2021-08-15 00:00:00,44.05,48.851,43.027,48.704,2930503.9120000005
sol_usdt,BINANCE,2021-08-16 00:00:00,48.701,68.867,47.844,67.077,15051622.425999999
sol_usdt,BINANCE,2021-08-17 00:00:00,67.052,75.155,61.211,69.85,13470730.842999998
sol_usdt,BINANCE,2021-08-18 00:00:00,69.861,80.5,58.822,77.335,16552312.361999998
sol_usdt,BINANCE,2021-08-19 00:00:00,77.344,78.732,68.24,73.522,9507666.646000002
sol_usdt,BINANCE,2021-08-20 00:00:00,73.522,74.846,70.6,73.35,5051103.043
sol_usdt,BINANCE,2021-08-21 00:00:00,73.331,82.0,72.931,75.406,6483624.267999999
sol_usdt,BINANCE,2021-08-22 00:00:00,75.391,77.6,72.6,74.612,3081759.599
sol_usdt,BINANCE,2021-08-23 00:00:00,74.599,75.942,71.244,72.04,3665339.619
sol_usdt,BINANCE,2021-08-24 00:00:00,72.046,79.45,71.584,71.999,6415137.135999999
sol_usdt,BINANCE,2021-08-25 00:00:00,71.985,72.83,66.03,71.305,5928343.058999999
sol_usdt,BINANCE,2021-08-26 00:00:00,71.277,78.3,66.2,74.71,5292963.841999999
sol_usdt,BINANCE,2021-08-27 00:00:00,74.71,84.17,72.55,82.49,8929042.65
sol_usdt,BINANCE,2021-08-28 00:00:00,82.5,95.039,81.77,94.66,5980841.718
sol_usdt,BINANCE,2021-08-29 00:00:00,94.65,97.82,90.3,92.16,5238416.532999999
sol_usdt,BINANCE,2021-08-30 00:00:00,92.17,106.91,91.01,105.62,6987495.65
sol_usdt,BINANCE,2021-08-31 00:00:00,105.59,130.11,104.35,116.52,15343564.646999996
sol_usdt,BINANCE,2021-09-01 00:00:00,116.52,119.72,103.06,117.22,12085610.749999998
sol_usdt,BINANCE,2021-09-02 00:00:00,117.27,123.5,109.18,121.88,6825127.809999999
sol_usdt,BINANCE,2021-09-03 00:00:00,121.87,146.38,119.54,140.02,13624289.637999997
sol_usdt,BINANCE,2021-09-04 00:00:00,140.02,150.6,138.13,142.36,7138877.1400000015
sol_usdt,BINANCE,2021-09-05 00:00:00,142.34,144.99,134.74,136.29,4552360.470000001
sol_usdt,BINANCE,2021-09-06 00:00:00,136.29,151.7,135.18,151.43,5898884.922
sol_usdt,BINANCE,2021-09-07 00:00:00,151.43,195.48,128.01,168.81,21399661.382
sol_usdt,BINANCE,2021-09-08 00:00:00,169.06,192.0,146.5,166.27,16796159.459999997
sol_usdt,BINANCE,2021-09-09 00:00:00,166.27,216.0,164.01,201.25,19405816.439999998
sol_usdt,BINANCE,2021-09-10 00:00:00,201.25,203.02,167.82,179.57,10499467.080000002
sol_usdt,BINANCE,2021-09-11 00:00:00,179.61,193.51,170.41,188.48,7897442.010000003
sol_usdt,BINANCE,2021-09-12 00:00:00,188.42,190.0,172.89,178.92,3901902.929999999
sol_usdt,BINANCE,2021-09-13 00:00:00,178.92,180.0,150.3,157.03,7657190.53
sol_usdt,BINANCE,2021-09-14 00:00:00,157.06,175.0,154.22,159.26,5914442.44
sol_usdt,BINANCE,2021-09-15 00:00:00,159.26,166.5,142.6,161.97,8840163.290000001
sol_usdt,BINANCE,2021-09-16 00:00:00,161.96,164.78,152.33,154.8,4663176.09
sol_usdt,BINANCE,2021-09-17 00:00:00,154.8,159.59,134.0,144.65,7210703.1899999995
sol_usdt,BINANCE,2021-09-18 00:00:00,144.62,164.79,138.54,163.66,7912153.55
sol_usdt,BINANCE,2021-09-19 00:00:00,163.63,171.47,155.02,159.38,5949391.569999999
sol_usdt,BINANCE,2021-09-20 00:00:00,159.41,160.27,130.26,144.1,8826089.680000002
sol_usdt,BINANCE,2021-09-21 00:00:00,144.07,146.0,125.22,138.5,7982548.579999999
sol_usdt,BINANCE,2021-09-22 00:00:00,138.51,142.19,116.0,141.66,8769693.55
sol_usdt,BINANCE,2021-09-23 00:00:00,141.68,152.5,140.18,146.06,6503683.52
sol_usdt,BINANCE,2021-09-24 00:00:00,146.07,151.98,128.15,137.66,6988291.51
sol_usdt,BINANCE,2021-09-25 00:00:00,137.66,144.22,135.44,138.66,3721181.11
sol_usdt,BINANCE,2021-09-26 00:00:00,138.65,140.26,124.8,140.07,4163442.51
sol_usdt,BINANCE,2021-09-27 00:00:00,140.08,148.92,133.37,145.25,4688733.659999999
sol_usdt,BINANCE,2021-09-28 00:00:00,145.29,145.43,130.36,130.43,4232792.460000001
sol_usdt,BINANCE,2021-09-29 00:00:00,130.39,140.17,128.17,135.62,3681534.2000000007
sol_usdt,BINANCE,2021-09-30 00:00:00,135.62,141.28,131.12,138.32,3431307.0200000005
sol_usdt,BINANCE,2021-10-01 00:00:00,138.3,159.09,136.17,157.4,5626291.379999999
sol_usdt,BINANCE,2021-10-02 00:00:00,157.43,170.69,155.32,170.48,5436988.209999999
sol_usdt,BINANCE,2021-10-03 00:00:00,170.44,177.79,165.58,172.5,4599208.490000001
sol_usdt,BINANCE,2021-10-04 00:00:00,172.48,177.0,162.0,166.44,4325864.720000001
sol_usdt,BINANCE,2021-10-05 00:00:00,166.44,172.4,162.0,162.35,3584174.4499999997
sol_usdt,BINANCE,2021-10-06 00:00:00,162.34,167.1,150.1,160.76,4596397.499999999
sol_usdt,BINANCE,2021-10-07 00:00:00,160.75,161.66,150.34,155.88,3479044.06
sol_usdt,BINANCE,2021-10-08 00:00:00,155.87,168.97,152.39,166.48,3773389.8200000003
sol_usdt,BINANCE,2021-10-09 00:00:00,166.51,168.06,156.06,157.97,2207938.4300000006
sol_usdt,BINANCE,2021-10-10 00:00:00,157.97,158.5,152.38,154.4,1704922.8199999996
sol_usdt,BINANCE,2021-10-11 00:00:00,154.41,154.69,145.34,147.76,2174450.35
sol_usdt,BINANCE,2021-10-12 00:00:00,147.76,148.1,137.61,143.54,2713095.22
sol_usdt,BINANCE,2021-10-13 00:00:00,143.53,155.56,142.9,146.31,3314619.58
sol_usdt,BINANCE,2021-10-14 00:00:00,146.31,155.65,144.56,152.81,2925244.6200000006
sol_usdt,BINANCE,2021-10-15 00:00:00,152.83,165.75,146.68,159.36,4851922.539999999
sol_usdt,BINANCE,2021-10-16 00:00:00,159.35,164.8,157.51,159.55,2826805.8899999997
sol_usdt,BINANCE,2021-10-17 00:00:00,159.55,167.65,156.36,160.77,2489298.4
sol_usdt,BINANCE,2021-10-18 00:00:00,160.75,162.98,153.13,156.66,2585870.3600000003
sol_usdt,BINANCE,2021-10-19 00:00:00,156.65,159.45,154.79,155.53,1805653.9900000005
sol_usdt,BINANCE,2021-10-20 00:00:00,155.54,169.95,153.06,168.74,2544289.0599999996
sol_usdt,BINANCE,2021-10-21 00:00:00,168.75,194.21,166.78,182.6,8192034.35
sol_usdt,BINANCE,2021-10-22 00:00:00,182.62,215.1,180.43,206.53,7717922.200000001
sol_usdt,BINANCE,2021-10-23 00:00:00,206.53,211.12,191.86,199.2,4689235.630000001
sol_usdt,BINANCE,2021-10-24 00:00:00,199.2,201.69,185.41,186.58,2842061.4599999995
sol_usdt,BINANCE,2021-10-25 00:00:00,186.58,218.93,185.22,218.63,5197038.210000001
sol_usdt,BINANCE,2021-10-26 00:00:00,218.62,218.75,202.36,206.57,3421819.8499999996
sol_usdt,BINANCE,2021-10-27 00:00:00,206.57,209.6,176.94,188.97,4763831.670000001
sol_usdt,BINANCE,2021-10-28 00:00:00,188.96,201.38,181.12,197.3,3806693.24
sol_usdt,BINANCE,2021-10-29 00:00:00,197.3,205.22,191.13,201.82,2733049.55
sol_usdt,BINANCE,2021-10-30 00:00:00,201.84,204.95,190.29,193.18,1834652.1599999997
sol_usdt,BINANCE,2021-10-31 00:00:00,193.15,202.0,185.31,195.0,2057011.5300000003
sol_usdt,BINANCE,2021-11-01 00:00:00,194.99,211.66,193.03,204.05,3332201.4599999995
sol_usdt,BINANCE,2021-11-02 00:00:00,204.05,208.9,199.0,208.84,1822926.2699999998
sol_usdt,BINANCE,2021-11-03 00:00:00,208.84,235.0,206.55,225.31,4980771.917
sol_usdt,BINANCE,2021-11-04 00:00:00,225.35,248.0,221.12,238.48,4279648.336999998
sol_usdt,BINANCE,2021-11-05 00:00:00,238.47,250.5,230.34,233.19,2951195.6600000006
sol_usdt,BINANCE,2021-11-06 00:00:00,233.24,254.44,231.49,253.2,2718862.77
sol_usdt,BINANCE,2021-11-07 00:00:00,253.21,259.9,248.1,252.16,2224497.91
sol_usdt,BINANCE,2021-11-08 00:00:00,252.15,253.43,240.68,248.28,2154301.9499999997
sol_usdt,BINANCE,2021-11-09 00:00:00,248.28,253.3,237.62,240.8,2336517.17
sol_usdt,BINANCE,2021-11-10 00:00:00,240.8,248.0,235.38,244.84,2085769.73
sol_usdt,BINANCE,2021-11-11 00:00:00,244.84,246.5,217.5,239.42,3144667.63
sol_usdt,BINANCE,2021-11-12 00:00:00,239.41,240.7,221.48,222.3,1964434.5699999998
sol_usdt,BINANCE,2021-11-13 00:00:00,222.3,237.2,220.83,233.62,1506880.6099999996
sol_usdt,BINANCE,2021-11-14 00:00:00,233.61,242.0,233.46,234.41,1241036.4000000001
sol_usdt,BINANCE,2021-11-15 00:00:00,234.41,246.36,230.4,239.76,1712696.5399999998
sol_usdt,BINANCE,2021-11-16 00:00:00,239.75,242.41,213.81,225.29,2645137.1300000004
sol_usdt,BINANCE,2021-11-17 00:00:00,225.24,226.97,209.53,213.67,2028490.4300000002
sol_usdt,BINANCE,2021-11-18 00:00:00,213.66,222.78,193.0,196.99,2305274.5599999996
sol_usdt,BINANCE,2021-11-19 00:00:00,197.04,215.99,186.5,213.99,3290278.9800000004
sol_usdt,BINANCE,2021-11-20 00:00:00,213.97,221.17,207.0,207.1,1829045.4799999997
sol_usdt,BINANCE,2021-11-21 00:00:00,207.13,218.82,205.84,215.06,1211123.75
sol_usdt,BINANCE,2021-11-22 00:00:00,215.08,240.0,214.37,222.54,2873459.19
sol_usdt,BINANCE,2021-11-23 00:00:00,222.55,225.25,210.91,215.99,1882485.3699999996
sol_usdt,BINANCE,2021-11-24 00:00:00,215.99,226.08,207.11,212.34,1673518.79
sol_usdt,BINANCE,2021-11-25 00:00:00,212.33,214.67,200.14,214.42,2012764.1699999997
sol_usdt,BINANCE,2021-11-26 00:00:00,214.44,216.35,182.7,192.75,2731686.2199999997
sol_usdt,BINANCE,2021-11-27 00:00:00,192.73,200.76,190.13,196.46,1275152.2299999997
sol_usdt,BINANCE,2021-11-28 00:00:00,196.46,199.12,184.7,188.99,1082024.4000000001
sol_usdt,BINANCE,2021-11-29 00:00:00,188.98,210.84,180.93,206.92,1742884.16
sol_usdt,BINANCE,2021-11-30 00:00:00,206.91,218.28,199.55,213.03,1969229.0699999998
sol_usdt,BINANCE,2021-12-01 00:00:00,213.03,229.85,207.74,229.51,2167956.54
sol_usdt,BINANCE,2021-12-02 00:00:00,229.51,236.24,220.0,229.47,2870425.1900000004
sol_usdt,BINANCE,2021-12-03 00:00:00,229.43,243.12,222.83,224.27,2656513.23
sol_usdt,BINANCE,2021-12-04 00:00:00,224.3,226.13,169.0,205.05,5395526.36
sol_usdt,BINANCE,2021-12-05 00:00:00,205.03,210.52,181.44,185.45,2643268.15
sol_usdt,BINANCE,2021-12-06 00:00:00,185.35,197.78,176.17,188.35,2777638.86
sol_usdt,BINANCE,2021-12-07 00:00:00,188.29,204.1,185.83,198.11,2231571.64
sol_usdt,BINANCE,2021-12-08 00:00:00,198.16,198.93,183.5,192.49,1801911.96
sol_usdt,BINANCE,2021-12-09 00:00:00,192.44,196.6,182.23,184.9,1492768.5900000003
sol_usdt,BINANCE,2021-12-10 00:00:00,184.93,186.68,172.51,173.65,1839266.9
sol_usdt,BINANCE,2021-12-11 00:00:00,173.64,175.72,161.33,170.99,1827963.2900000003
sol_usdt,BINANCE,2021-12-12 00:00:00,171.0,173.8,167.59,170.41,940867.72
sol_usdt,BINANCE,2021-12-13 00:00:00,170.41,176.85,155.35,158.19,1681923.5600000003
sol_usdt,BINANCE,2021-12-14 00:00:00,158.16,161.72,148.04,157.7,2661764.6900000004
sol_usdt,BINANCE,2021-12-15 00:00:00,157.71,168.66,152.65,157.7,2055183.32
sol_usdt,BINANCE,2021-12-16 00:00:00,157.66,189.0,156.81,187.01,3706327.5999999996
sol_usdt,BINANCE,2021-12-17 00:00:00,187.05,187.49,167.88,176.59,2270236.1000000006
sol_usdt,BINANCE,2021-12-18 00:00:00,176.55,183.51,170.96,181.41,1715528.1699999997
sol_usdt,BINANCE,2021-12-19 00:00:00,181.41,189.43,179.76,184.07,1165886.0400000003
sol_usdt,BINANCE,2021-12-20 00:00:00,184.07,185.16,168.49,170.0,1299754.4199999997
sol_usdt,BINANCE,2021-12-21 00:00:00,169.99,182.54,169.37,177.41,1431679.17
sol_usdt,BINANCE,2021-12-22 00:00:00,177.44,187.55,176.08,185.05,1346030.9100000001
sol_usdt,BINANCE,2021-12-23 00:00:00,185.06,185.69,175.64,180.94,1195052.6699999997
sol_usdt,BINANCE,2021-12-24 00:00:00,180.94,195.63,180.1,195.45,1989526.6599999997
sol_usdt,BINANCE,2021-12-25 00:00:00,195.45,197.55,188.18,192.14,1256907.56
sol_usdt,BINANCE,2021-12-26 00:00:00,192.14,200.0,189.24,198.19,1578834.1599999997
sol_usdt,BINANCE,2021-12-27 00:00:00,198.18,203.5,194.71,201.57,1109036.1200000003
sol_usdt,BINANCE,2021-12-28 00:00:00,201.57,204.75,185.0,185.58,1661290.7
sol_usdt,BINANCE,2021-12-29 00:00:00,185.57,186.0,170.71,176.41,1828653.3900000001
sol_usdt,BINANCE,2021-12-30 00:00:00,176.42,177.49,168.17,173.86,1289029.0100000002
sol_usdt,BINANCE,2021-12-31 00:00:00,173.86,177.65,170.0,175.68,863360.3899999999
sol_usdt,BINANCE,2022-01-01 00:00:00,175.71,176.1,167.67,173.84,763195.32
sol_usdt,BINANCE,2022-01-02 00:00:00,173.84,179.53,173.57,176.23,667410.65
sol_usdt,BINANCE,2022-01-03 00:00:00,176.24,178.69,170.85,170.95,767736.01
sol_usdt,BINANCE,2022-01-04 00:00:00,170.94,173.93,166.47,172.21,1231620.3199999998
sol_usdt,BINANCE,2022-01-05 00:00:00,172.2,172.46,167.0,168.27,789210.6499999999
sol_usdt,BINANCE,2022-01-06 00:00:00,168.26,168.69,144.92,149.66,2374242.64
sol_usdt,BINANCE,2022-01-07 00:00:00,149.67,154.44,133.08,135.97,2570155.48
sol_usdt,BINANCE,2022-01-08 00:00:00,135.97,148.11,134.44,144.25,1788709.0799999998
sol_usdt,BINANCE,2022-01-09 00:00:00,144.21,146.94,133.0,140.11,2352116.9899999993
sol_usdt,BINANCE,2022-01-10 00:00:00,140.11,145.71,130.0,133.16,1788860.4800000002
sol_usdt,BINANCE,2022-01-11 00:00:00,133.17,138.55,130.96,137.08,1300789.8
sol_usdt,BINANCE,2022-01-12 00:00:00,137.09,148.5,136.94,147.7,1813981.5
sol_usdt,BINANCE,2022-01-13 00:00:00,147.7,157.8,147.59,154.95,1895343.0699999998
sol_usdt,BINANCE,2022-01-14 00:00:00,154.9,155.25,141.84,147.34,1879743.4900000002
sol_usdt,BINANCE,2022-01-15 00:00:00,147.34,149.8,143.9,147.99,980664.4300000002
sol_usdt,BINANCE,2022-01-16 00:00:00,148.0,151.96,146.09,149.94,948290.94
sol_usdt,BINANCE,2022-01-17 00:00:00,149.97,150.96,141.01,142.15,1133355.74
sol_usdt,BINANCE,2022-01-18 00:00:00,142.16,142.51,134.39,136.67,1307868.62
sol_usdt,BINANCE,2022-01-19 00:00:00,136.67,142.77,132.77,136.94,1272245.8100000003
sol_usdt,BINANCE,2022-01-20 00:00:00,136.94,143.5,134.49,143.18,946490.0399999999
sol_usdt,BINANCE,2022-01-21 00:00:00,143.15,143.83,115.55,121.91,3248212.5
sol_usdt,BINANCE,2022-01-22 00:00:00,121.91,126.89,87.73,93.05,6746542.489999999
sol_usdt,BINANCE,2022-01-23 00:00:00,93.04,104.82,88.54,98.86,4354604.74
sol_usdt,BINANCE,2022-01-24 00:00:00,98.85,101.85,80.83,87.47,5779536.399999999
sol_usdt,BINANCE,2022-01-25 00:00:00,87.48,96.31,83.47,92.95,4292068.580000001
sol_usdt,BINANCE,2022-01-26 00:00:00,92.95,103.0,91.37,98.79,3435419.1599999997
sol_usdt,BINANCE,2022-01-27 00:00:00,98.79,104.43,85.71,92.32,4878963.720000001
sol_usdt,BINANCE,2022-01-28 00:00:00,92.3,93.55,85.71,91.16,2852809.63
sol_usdt,BINANCE,2022-01-29 00:00:00,91.15,98.93,90.05,95.08,2406331.52
sol_usdt,BINANCE,2022-01-30 00:00:00,95.05,97.6,93.29,95.15,1376347.02
sol_usdt,BINANCE,2022-01-31 00:00:00,95.16,96.0,89.18,95.41,1708353.5899999999
sol_usdt,BINANCE,2022-02-01 00:00:00,95.42,110.93,94.95,108.71,3801590.4499999993
sol_usdt,BINANCE,2022-02-02 00:00:00,108.7,113.66,105.12,105.92,3614520.4899999993
sol_usdt,BINANCE,2022-02-03 00:00:00,105.95,111.97,94.0,98.26,5733928.0200000005
sol_usdt,BINANCE,2022-02-04 00:00:00,98.25,109.83,95.83,107.19,3710190.17
sol_usdt,BINANCE,2022-02-05 00:00:00,107.19,118.6,106.94,116.03,3299278.6099999994
sol_usdt,BINANCE,2022-02-06 00:00:00,116.01,116.42,110.76,113.07,1898939.0400000003
sol_usdt,BINANCE,2022-02-07 00:00:00,113.06,121.72,112.03,121.3,2217807.5400000005
sol_usdt,BINANCE,2022-02-08 00:00:00,121.31,121.93,110.04,112.03,3006616.32
sol_usdt,BINANCE,2022-02-09 00:00:00,112.07,117.08,109.4,113.18,2174915.0799999996
sol_usdt,BINANCE,2022-02-10 00:00:00,113.18,116.43,105.7,111.96,2669281.6899999995
sol_usdt,BINANCE,2022-02-11 00:00:00,111.94,113.0,103.23,106.84,2089509.2500000002
sol_usdt,BINANCE,2022-02-12 00:00:00,106.82,107.1,92.8,95.0,2413928.3300000005
sol_usdt,BINANCE,2022-02-13 00:00:00,94.99,99.79,94.36,95.62,1317185.1700000002
sol_usdt,BINANCE,2022-02-14 00:00:00,95.64,97.9,90.72,96.59,1733225.9300000002
sol_usdt,BINANCE,2022-02-15 00:00:00,96.59,103.71,93.31,102.76,2327149.5299999993
sol_usdt,BINANCE,2022-02-16 00:00:00,102.77,105.77,98.3,99.09,2067811.2200000002
sol_usdt,BINANCE,2022-02-17 00:00:00,99.1,103.7,96.59,97.33,1858227.8499999999
sol_usdt,BINANCE,2022-02-18 00:00:00,97.33,97.8,90.13,90.96,2163332.56
sol_usdt,BINANCE,2022-02-19 00:00:00,90.95,92.75,88.6,90.99,1628190.5099999998
sol_usdt,BINANCE,2022-02-20 00:00:00,90.99,92.18,85.56,89.43,1892435.7700000003
sol_usdt,BINANCE,2022-02-21 00:00:00,89.42,96.14,86.86,89.62,3641601.5200000005
sol_usdt,BINANCE,2022-02-22 00:00:00,89.6,90.3,81.06,85.85,3597145.2299999995
sol_usdt,BINANCE,2022-02-23 00:00:00,85.85,93.4,83.81,89.72,2700149.1900000004
sol_usdt,BINANCE,2022-02-24 00:00:00,89.73,92.15,75.35,84.92,6317516.289999998
sol_usdt,BINANCE,2022-02-25 00:00:00,84.95,93.9,83.35,91.06,4748292.94
sol_usdt,BINANCE,2022-02-26 00:00:00,91.06,95.49,88.81,91.26,2853998.2000000007
sol_usdt,BINANCE,2022-02-27 00:00:00,91.28,92.59,86.0,91.2,2309057.91
sol_usdt,BINANCE,2022-02-28 00:00:00,91.21,96.83,84.08,95.59,3511881.59
sol_usdt,BINANCE,2022-03-01 00:00:00,95.58,103.0,94.21,97.87,4681172.06
sol_usdt,BINANCE,2022-03-02 00:00:00,97.87,106.43,96.02,101.6,4200267.02
sol_usdt,BINANCE,2022-03-03 00:00:00,101.61,103.36,95.02,95.95,2634806.4200000004
sol_usdt,BINANCE,2022-03-04 00:00:00,95.94,96.44,90.5,91.32,2697511.1599999997
sol_usdt,BINANCE,2022-03-05 00:00:00,91.32,92.87,86.0,89.13,1951728.8499999996
sol_usdt,BINANCE,2022-03-06 00:00:00,89.13,91.22,85.68,87.25,1560554.3599999999
sol_usdt,BINANCE,2022-03-07 00:00:00,87.26,88.26,81.12,85.06,2755508.8900000006
sol_usdt,BINANCE,2022-03-08 00:00:00,85.04,86.04,79.92,82.77,2835061.93
sol_usdt,BINANCE,2022-03-09 00:00:00,82.78,89.92,81.34,88.91,3503546.5999999996
sol_usdt,BINANCE,2022-03-10 00:00:00,88.91,89.44,80.63,81.94,2992780.9600000004
sol_usdt,BINANCE,2022-03-11 00:00:00,81.92,84.29,80.22,81.75,2510799.1100000003
sol_usdt,BINANCE,2022-03-12 00:00:00,81.77,82.75,80.07,81.68,1715334.6699999995
sol_usdt,BINANCE,2022-03-13 00:00:00,81.67,83.34,80.0,81.2,1570047.72
sol_usdt,BINANCE,2022-03-14 00:00:00,81.2,82.29,77.65,80.97,2184563.03
sol_usdt,BINANCE,2022-03-15 00:00:00,80.96,81.55,78.51,81.05,1780006.1300000004
sol_usdt,BINANCE,2022-03-16 00:00:00,81.05,86.38,80.71,83.94,2619439.9000000004
sol_usdt,BINANCE,2022-03-17 00:00:00,83.96,90.72,82.17,89.35,2761818.62
sol_usdt,BINANCE,2022-03-18 00:00:00,89.36,91.0,84.41,88.28,2682158.1799999997
sol_usdt,BINANCE,2022-03-19 00:00:00,88.28,94.25,88.2,94.05,2461444.9999999995
sol_usdt,BINANCE,2022-03-20 00:00:00,94.04,94.55,88.94,89.15,1749877.2499999993
sol_usdt,BINANCE,2022-03-21 00:00:00,89.14,91.28,86.74,89.61,1917398.46
sol_usdt,BINANCE,2022-03-22 00:00:00,89.58,93.98,87.45,92.56,2527802.5
sol_usdt,BINANCE,2022-03-23 00:00:00,92.57,96.36,89.19,95.67,2396169.71
sol_usdt,BINANCE,2022-03-24 00:00:00,95.68,102.19,92.56,101.62,4657708.52
sol_usdt,BINANCE,2022-03-25 00:00:00,101.62,104.86,99.61,100.23,3610362.3199999994
sol_usdt,BINANCE,2022-03-26 00:00:00,100.24,101.95,96.95,101.2,2142959.73
sol_usdt,BINANCE,2022-03-27 00:00:00,101.2,103.4,98.77,101.46,1746259.0499999998
sol_usdt,BINANCE,2022-03-28 00:00:00,101.45,113.87,100.93,109.89,4131018.19
sol_usdt,BINANCE,2022-03-29 00:00:00,109.89,115.7,105.4,111.62,3632574.9699999997
sol_usdt,BINANCE,2022-03-30 00:00:00,111.62,125.26,107.11,122.63,5150540.64
sol_usdt,BINANCE,2022-03-31 00:00:00,122.62,129.5,119.1,125.3,4973088.99
sol_usdt,BINANCE,2022-04-01 00:00:00,125.28,133.71,117.39,132.75,5717832.71
sol_usdt,BINANCE,2022-04-02 00:00:00,132.73,143.51,132.12,137.96,4460124.970000001
sol_usdt,BINANCE,2022-04-03 00:00:00,137.96,141.11,130.52,136.05,3362460.4399999995
sol_usdt,BINANCE,2022-04-04 00:00:00,136.05,139.45,128.26,129.32,2997602.5399999996
sol_usdt,BINANCE,2022-04-05 00:00:00,129.32,136.63,125.82,131.51,3139651.04
sol_usdt,BINANCE,2022-04-06 00:00:00,131.5,133.61,114.71,117.63,3803510.14
sol_usdt,BINANCE,2022-04-07 00:00:00,117.63,120.0,110.88,113.23,3930738.9099999997
sol_usdt,BINANCE,2022-04-08 00:00:00,113.23,122.42,112.71,116.48,3123512.8800000004
sol_usdt,BINANCE,2022-04-09 00:00:00,116.48,116.87,108.1,109.59,2059726.9400000002
sol_usdt,BINANCE,2022-04-10 00:00:00,109.6,113.97,109.28,112.38,1193268.48
sol_usdt,BINANCE,2022-04-11 00:00:00,112.39,116.09,101.21,101.44,2878906.36
sol_usdt,BINANCE,2022-04-12 00:00:00,101.43,109.36,98.1,106.0,3658481.8400000003
sol_usdt,BINANCE,2022-04-13 00:00:00,105.99,107.04,100.09,105.15,2604991.5300000003
sol_usdt,BINANCE,2022-04-14 00:00:00,105.13,107.72,101.13,101.34,2372843.7500000005
sol_usdt,BINANCE,2022-04-15 00:00:00,101.36,102.91,98.77,102.31,1979314.7000000004
sol_usdt,BINANCE,2022-04-16 00:00:00,102.32,103.5,100.2,100.98,1112408.2
sol_usdt,BINANCE,2022-04-17 00:00:00,100.96,105.28,100.76,105.11,1045565.9
sol_usdt,BINANCE,2022-04-18 00:00:00,105.1,105.44,94.62,98.66,2580059.9599999995
sol_usdt,BINANCE,2022-04-19 00:00:00,98.66,108.58,97.1,106.46,2709365.3899999997
sol_usdt,BINANCE,2022-04-20 00:00:00,106.46,110.9,104.75,105.72,2979214.2900000005
sol_usdt,BINANCE,2022-04-21 00:00:00,105.72,110.0,104.25,107.75,2308404.22
sol_usdt,BINANCE,2022-04-22 00:00:00,107.74,107.75,99.38,99.69,2406481.94
sol_usdt,BINANCE,2022-04-23 00:00:00,99.69,102.55,98.31,102.14,1178294.02
sol_usdt,BINANCE,2022-04-24 00:00:00,102.16,102.9,99.88,100.11,933974.3999999999
sol_usdt,BINANCE,2022-04-25 00:00:00,100.11,101.25,94.32,96.95,2038813.5999999996
sol_usdt,BINANCE,2022-04-26 00:00:00,96.95,101.98,96.37,96.53,1872693.1300000001
sol_usdt,BINANCE,2022-04-27 00:00:00,96.53,100.79,94.61,98.15,2132796.3400000003
sol_usdt,BINANCE,2022-04-28 00:00:00,98.17,100.55,96.33,97.51,1710284.27
sol_usdt,BINANCE,2022-04-29 00:00:00,97.48,100.2,95.1,96.16,1661817.86
sol_usdt,BINANCE,2022-04-30 00:00:00,96.16,96.36,91.46,92.25,1392666.8800000001
sol_usdt,BINANCE,2022-05-01 00:00:00,92.24,92.58,81.91,90.03,2730393.11
sol_usdt,BINANCE,2022-05-02 00:00:00,90.04,93.12,86.25,87.72,2087997.01
sol_usdt,BINANCE,2022-05-03 00:00:00,87.74,88.81,85.1,87.22,1468516.3699999996
sol_usdt,BINANCE,2022-05-04 00:00:00,87.22,88.75,84.66,87.19,1751929.88
sol_usdt,BINANCE,2022-05-05 00:00:00,87.19,95.25,84.23,84.95,3085256.4600000004
sol_usdt,BINANCE,2022-05-06 00:00:00,84.95,86.27,79.98,81.79,3429055.42
sol_usdt,BINANCE,2022-05-07 00:00:00,81.79,82.47,79.12,82.08,1696408.3200000003
sol_usdt,BINANCE,2022-05-08 00:00:00,82.09,82.22,75.93,77.14,2360909.2800000003
sol_usdt,BINANCE,2022-05-09 00:00:00,77.14,78.1,69.22,69.84,3823915.0
sol_usdt,BINANCE,2022-05-10 00:00:00,69.84,74.03,60.13,69.46,9285245.233000001
sol_usdt,BINANCE,2022-05-11 00:00:00,69.46,71.1,48.0,55.53,9662567.728000002
sol_usdt,BINANCE,2022-05-12 00:00:00,55.52,56.75,37.37,44.67,15135000.757999998
sol_usdt,BINANCE,2022-05-13 00:00:00,44.66,56.99,41.5,53.08,8970135.420000002
sol_usdt,BINANCE,2022-05-14 00:00:00,53.09,54.25,46.14,46.47,5292805.800000001
sol_usdt,BINANCE,2022-05-15 00:00:00,46.47,54.77,45.81,52.88,4035587.7900000005
sol_usdt,BINANCE,2022-05-16 00:00:00,52.88,59.31,51.89,53.29,5278221.069999999
sol_usdt,BINANCE,2022-05-17 00:00:00,53.29,58.22,52.22,55.17,4549186.24
sol_usdt,BINANCE,2022-05-18 00:00:00,55.17,57.85,49.68,50.4,4420753.170000001
sol_usdt,BINANCE,2022-05-19 00:00:00,50.4,54.09,48.2,53.22,5155788.970000001
sol_usdt,BINANCE,2022-05-20 00:00:00,53.22,53.62,49.29,49.41,4612404.21
sol_usdt,BINANCE,2022-05-21 00:00:00,49.41,50.84,47.81,50.71,2806490.59
sol_usdt,BINANCE,2022-05-22 00:00:00,50.71,52.89,49.45,51.81,2520999.84
sol_usdt,BINANCE,2022-05-23 00:00:00,51.82,54.68,51.14,53.86,3198316.09
sol_usdt,BINANCE,2022-05-24 00:00:00,53.87,54.44,47.1,50.09,4247736.46
sol_usdt,BINANCE,2022-05-25 00:00:00,50.08,50.85,47.57,48.25,3419325.3200000008
sol_usdt,BINANCE,2022-05-26 00:00:00,48.25,49.13,41.69,45.11,6191865.269999999
sol_usdt,BINANCE,2022-05-27 00:00:00,45.11,46.68,39.93,42.15,7714506.099999998
sol_usdt,BINANCE,2022-05-28 00:00:00,42.14,43.5,40.33,42.98,4547192.48
sol_usdt,BINANCE,2022-05-29 00:00:00,42.98,45.67,41.79,44.71,5066246.019999999
sol_usdt,BINANCE,2022-05-30 00:00:00,44.7,47.37,44.08,45.84,4650804.540000001
sol_usdt,BINANCE,2022-05-31 00:00:00,45.85,48.39,44.56,46.35,5286695.12
sol_usdt,BINANCE,2022-06-01 00:00:00,46.34,46.83,42.81,42.93,3675346.6099999994
sol_usdt,BINANCE,2022-06-02 00:00:00,42.94,43.12,38.13,40.7,6222673.079999999
sol_usdt,BINANCE,2022-06-03 00:00:00,40.7,41.65,37.63,38.05,4397198.6899999995
sol_usdt,BINANCE,2022-06-04 00:00:00,38.05,38.97,35.71,37.77,4011072.619999999
sol_usdt,BINANCE,2022-06-05 00:00:00,37.76,39.96,37.34,39.82,3412571.6799999997
sol_usdt,BINANCE,2022-06-06 00:00:00,39.82,44.87,38.33,42.83,6178820.3
sol_usdt,BINANCE,2022-06-07 00:00:00,42.83,43.28,37.12,39.14,7114159.9799999995
sol_usdt,BINANCE,2022-06-08 00:00:00,39.14,41.36,38.28,39.71,5376818.87
sol_usdt,BINANCE,2022-06-09 00:00:00,39.71,41.97,38.4,40.34,4516134.5
sol_usdt,BINANCE,2022-06-10 00:00:00,40.34,41.44,37.45,37.98,4130748.15
sol_usdt,BINANCE,2022-06-11 00:00:00,37.97,38.09,33.17,33.76,4593423.437
sol_usdt,BINANCE,2022-06-12 00:00:00,33.77,34.77,31.08,34.01,5916112.584000001
sol_usdt,BINANCE,2022-06-13 00:00:00,34.0,34.29,26.05,27.92,12672897.476000002
sol_usdt,BINANCE,2022-06-14 00:00:00,27.92,32.32,25.86,31.03,11837640.459999997
sol_usdt,BINANCE,2022-06-15 00:00:00,31.03,31.2,26.79,29.51,9715585.73
sol_usdt,BINANCE,2022-06-16 00:00:00,29.5,36.0,28.11,31.31,12896051.58
sol_usdt,BINANCE,2022-06-17 00:00:00,31.31,32.65,29.26,31.21,7507384.2700000005
sol_usdt,BINANCE,2022-06-18 00:00:00,31.2,32.12,27.82,29.81,6676290.339999999
sol_usdt,BINANCE,2022-06-19 00:00:00,29.8,33.62,27.15,33.47,11059735.07
sol_usdt,BINANCE,2022-06-20 00:00:00,33.47,36.9,31.73,35.29,8617977.04
sol_usdt,BINANCE,2022-06-21 00:00:00,35.28,39.19,33.78,37.95,7708158.590000001
sol_usdt,BINANCE,2022-06-22 00:00:00,37.94,38.61,33.65,34.75,6495590.530000001
sol_usdt,BINANCE,2022-06-23 00:00:00,34.75,37.79,33.86,37.22,6193599.629999999
sol_usdt,BINANCE,2022-06-24 00:00:00,37.21,41.36,36.26,40.09,7139421.890000001
sol_usdt,BINANCE,2022-06-25 00:00:00,40.1,42.92,39.42,39.86,5096002.740000001
sol_usdt,BINANCE,2022-06-26 00:00:00,39.86,42.6,39.75,40.62,3924282.0100000002
sol_usdt,BINANCE,2022-06-27 00:00:00,40.61,41.4,38.27,38.75,4346699.890000001
sol_usdt,BINANCE,2022-06-28 00:00:00,38.76,39.9,37.0,37.05,4582474.340000001
sol_usdt,BINANCE,2022-06-29 00:00:00,37.06,37.22,33.61,34.67,6105096.300000002
sol_usdt,BINANCE,2022-06-30 00:00:00,34.66,35.12,30.92,32.1,5238984.33
sol_usdt,BINANCE,2022-07-01 00:00:00,32.1,35.4,31.41,32.33,6890549.25
sol_usdt,BINANCE,2022-07-02 00:00:00,32.33,33.97,31.87,32.87,3107377.2599999993
sol_usdt,BINANCE,2022-07-03 00:00:00,32.87,34.14,32.14,32.34,2438234.36
sol_usdt,BINANCE,2022-07-04 00:00:00,32.34,34.98,32.29,34.3,3285251.8299999996
sol_usdt,BINANCE,2022-07-05 00:00:00,34.3,36.99,33.03,33.87,5331326.930000001
sol_usdt,BINANCE,2022-07-06 00:00:00,33.86,36.67,33.62,35.74,6003115.899999999
sol_usdt,BINANCE,2022-07-07 00:00:00,35.74,38.57,35.68,38.29,4143144.5899999994
sol_usdt,BINANCE,2022-07-08 00:00:00,38.29,39.72,36.46,38.58,5242541.78
sol_usdt,BINANCE,2022-07-09 00:00:00,38.59,39.35,37.77,38.05,3079019.629999999
sol_usdt,BINANCE,2022-07-10 00:00:00,38.05,38.95,36.26,36.69,2101472.3899999997
sol_usdt,BINANCE,2022-07-11 00:00:00,36.68,37.43,34.49,35.19,2629058.25
sol_usdt,BINANCE,2022-07-12 00:00:00,35.18,35.68,33.14,34.21,3211950.900000001
sol_usdt,BINANCE,2022-07-13 00:00:00,34.21,34.51,31.82,33.22,4357771.98
sol_usdt,BINANCE,2022-07-14 00:00:00,33.22,35.33,33.0,35.16,4376860.0200000005
sol_usdt,BINANCE,2022-07-15 00:00:00,35.17,38.56,34.83,37.69,5271941.829999999
sol_usdt,BINANCE,2022-07-16 00:00:00,37.68,39.1,36.35,37.94,2912810.1099999994
sol_usdt,BINANCE,2022-07-17 00:00:00,37.94,41.09,37.89,39.28,5091236.77
sol_usdt,BINANCE,2022-07-18 00:00:00,39.27,42.69,38.29,42.31,5156701.12
sol_usdt,BINANCE,2022-07-19 00:00:00,42.31,47.36,39.69,46.58,8263271.449999999
sol_usdt,BINANCE,2022-07-20 00:00:00,46.58,47.26,43.71,45.35,5641654.769999999
sol_usdt,BINANCE,2022-07-21 00:00:00,45.34,45.47,39.64,41.88,6794437.54
sol_usdt,BINANCE,2022-07-22 00:00:00,41.87,44.33,41.52,41.69,5080191.38
sol_usdt,BINANCE,2022-07-23 00:00:00,41.69,41.91,39.37,40.2,3516667.5599999996
sol_usdt,BINANCE,2022-07-24 00:00:00,40.2,41.43,38.6,41.21,3528696.3899999997
sol_usdt,BINANCE,2022-07-25 00:00:00,41.2,42.1,37.74,38.49,3695602.79
sol_usdt,BINANCE,2022-07-26 00:00:00,38.49,38.99,34.92,35.0,4769492.06
sol_usdt,BINANCE,2022-07-27 00:00:00,34.99,37.46,34.67,37.17,3416793.3300000005
sol_usdt,BINANCE,2022-07-28 00:00:00,37.17,42.12,36.42,41.93,8419506.969999999
sol_usdt,BINANCE,2022-07-29 00:00:00,41.93,44.42,41.13,42.63,5656291.39
sol_usdt,BINANCE,2022-07-30 00:00:00,42.64,46.31,41.25,46.28,4946032.58
sol_usdt,BINANCE,2022-07-31 00:00:00,46.29,46.65,43.0,44.13,3908213.81
sol_usdt,BINANCE,2022-08-01 00:00:00,44.13,45.21,41.35,42.47,3550135.07
sol_usdt,BINANCE,2022-08-02 00:00:00,42.46,42.54,39.82,41.49,3333394.26
sol_usdt,BINANCE,2022-08-03 00:00:00,41.49,42.45,37.43,40.16,8264472.000000001
sol_usdt,BINANCE,2022-08-04 00:00:00,40.17,40.75,38.21,38.88,4670680.51
sol_usdt,BINANCE,2022-08-05 00:00:00,38.88,41.33,37.96,40.01,3486052.6399999997
sol_usdt,BINANCE,2022-08-06 00:00:00,40.01,40.88,39.44,40.45,1950752.6000000008
sol_usdt,BINANCE,2022-08-07 00:00:00,40.45,40.89,39.21,40.33,1621726.69
sol_usdt,BINANCE,2022-08-08 00:00:00,40.34,43.71,40.25,42.5,3532134.3799999994
sol_usdt,BINANCE,2022-08-09 00:00:00,42.5,43.14,39.73,40.14,3270983.1299999994
sol_usdt,BINANCE,2022-08-10 00:00:00,40.13,42.45,39.15,42.08,3902287.39
sol_usdt,BINANCE,2022-08-11 00:00:00,42.08,45.32,41.22,43.46,5882275.09
sol_usdt,BINANCE,2022-08-12 00:00:00,43.46,44.01,42.12,43.2,2993191.42
sol_usdt,BINANCE,2022-08-13 00:00:00,43.2,48.38,42.94,46.24,5289083.279999998
sol_usdt,BINANCE,2022-08-14 00:00:00,46.24,48.06,45.75,46.04,2980968.7700000005
sol_usdt,BINANCE,2022-08-15 00:00:00,46.04,47.24,43.23,44.51,4422363.83
sol_usdt,BINANCE,2022-08-16 00:00:00,44.51,44.76,42.53,43.41,3851851.7
sol_usdt,BINANCE,2022-08-17 00:00:00,43.42,44.75,40.76,41.11,3662556.4499999997
sol_usdt,BINANCE,2022-08-18 00:00:00,41.11,41.91,40.09,41.18,3101016.619999999
sol_usdt,BINANCE,2022-08-19 00:00:00,41.18,41.27,35.25,36.95,5713072.0
sol_usdt,BINANCE,2022-08-20 00:00:00,36.96,37.8,35.61,36.5,3765535.0
sol_usdt,BINANCE,2022-08-21 00:00:00,36.5,36.6,34.21,36.02,3724954.9899999998
sol_usdt,BINANCE,2022-08-22 00:00:00,36.02,37.09,33.73,34.82,3963664.9899999998
sol_usdt,BINANCE,2022-08-23 00:00:00,34.81,36.11,34.0,35.7,2955470.4
sol_usdt,BINANCE,2022-08-24 00:00:00,35.71,36.1,34.31,36.05,2513071.4
sol_usdt,BINANCE,2022-08-25 00:00:00,36.06,36.49,34.87,35.74,2606487.7099999995
sol_usdt,BINANCE,2022-08-26 00:00:00,35.73,35.99,33.0,33.28,4319606.3100000005
sol_usdt,BINANCE,2022-08-27 00:00:00,33.29,33.39,31.05,31.35,3724023.830000001
sol_usdt,BINANCE,2022-08-28 00:00:00,31.36,32.05,30.86,31.85,2245493.1400000006
sol_usdt,BINANCE,2022-08-29 00:00:00,31.85,32.29,30.0,31.79,3729569.37
sol_usdt,BINANCE,2022-08-30 00:00:00,31.79,33.16,30.92,31.21,3071973.7
sol_usdt,BINANCE,2022-08-31 00:00:00,31.21,32.95,30.64,31.93,3298193.84
sol_usdt,BINANCE,2022-09-01 00:00:00,31.92,32.49,30.44,30.76,2440850.47
sol_usdt,BINANCE,2022-09-02 00:00:00,30.76,32.38,30.48,32.28,2231148.6399999997
sol_usdt,BINANCE,2022-09-03 00:00:00,32.28,32.34,30.76,31.12,1284046.6900000004
sol_usdt,BINANCE,2022-09-04 00:00:00,31.12,32.0,30.8,31.82,1039768.5999999999
sol_usdt,BINANCE,2022-09-05 00:00:00,31.81,32.5,31.15,31.85,1500086.6899999997
sol_usdt,BINANCE,2022-09-06 00:00:00,31.86,33.9,31.7,33.79,2930010.02
sol_usdt,BINANCE,2022-09-07 00:00:00,33.79,33.84,30.31,31.5,3687739.0599999996
sol_usdt,BINANCE,2022-09-08 00:00:00,31.5,33.98,31.41,33.4,3428041.8699999996
sol_usdt,BINANCE,2022-09-09 00:00:00,33.4,35.96,32.89,34.97,3559543.909999999
sol_usdt,BINANCE,2022-09-10 00:00:00,34.96,35.19,34.26,34.5,2271041.4
sol_usdt,BINANCE,2022-09-11 00:00:00,34.5,35.41,34.04,35.24,1655987.5799999998
sol_usdt,BINANCE,2022-09-12 00:00:00,35.24,38.39,34.31,37.14,5178444.070000001
sol_usdt,BINANCE,2022-09-13 00:00:00,37.14,39.01,34.41,34.73,5912356.539999999
sol_usdt,BINANCE,2022-09-14 00:00:00,34.74,35.32,32.67,33.53,3660307.8
sol_usdt,BINANCE,2022-09-15 00:00:00,33.54,34.84,32.42,32.99,3936559.35
sol_usdt,BINANCE,2022-09-16 00:00:00,32.98,33.8,31.83,32.27,2276593.2399999998
sol_usdt,BINANCE,2022-09-17 00:00:00,32.27,33.32,31.5,33.3,1511264.95
sol_usdt,BINANCE,2022-09-18 00:00:00,33.3,33.99,32.75,32.9,1580733.97
sol_usdt,BINANCE,2022-09-19 00:00:00,32.89,32.99,30.5,31.92,3782732.830000001
sol_usdt,BINANCE,2022-09-20 00:00:00,31.92,33.08,31.57,32.51,2653944.65
sol_usdt,BINANCE,2022-09-21 00:00:00,32.52,32.53,31.23,31.51,2100603.73
sol_usdt,BINANCE,2022-09-22 00:00:00,31.5,33.48,30.01,31.91,5330023.320000001
sol_usdt,BINANCE,2022-09-23 00:00:00,31.91,33.3,31.2,31.59,3009807.0599999996
sol_usdt,BINANCE,2022-09-24 00:00:00,31.58,34.79,31.25,33.72,3697937.2000000007
sol_usdt,BINANCE,2022-09-25 00:00:00,33.72,34.17,32.81,33.22,1922915.72
sol_usdt,BINANCE,2022-09-26 00:00:00,33.22,33.43,31.87,33.11,2844761.6500000004
sol_usdt,BINANCE,2022-09-27 00:00:00,33.11,35.41,32.69,34.37,3907699.07
sol_usdt,BINANCE,2022-09-28 00:00:00,34.38,34.57,31.65,33.12,3871044.1699999995
sol_usdt,BINANCE,2022-09-29 00:00:00,33.13,34.21,32.65,34.11,2710494.7800000003
sol_usdt,BINANCE,2022-09-30 00:00:00,34.12,35.22,33.31,34.65,3977734.38
sol_usdt,BINANCE,2022-10-01 00:00:00,34.66,34.85,32.62,32.99,2196055.1500000004
sol_usdt,BINANCE,2022-10-02 00:00:00,32.98,33.0,32.1,32.42,1264999.0299999998
sol_usdt,BINANCE,2022-10-03 00:00:00,32.41,33.14,31.73,32.83,1856710.0
sol_usdt,BINANCE,2022-10-04 00:00:00,32.84,34.39,32.67,34.17,2030662.86
sol_usdt,BINANCE,2022-10-05 00:00:00,34.17,34.4,33.18,33.68,1841829.84
sol_usdt,BINANCE,2022-10-06 00:00:00,33.68,34.5,33.57,33.83,1855243.3999999994
sol_usdt,BINANCE,2022-10-07 00:00:00,33.83,34.04,32.43,32.91,2115920.2899999996
sol_usdt,BINANCE,2022-10-08 00:00:00,32.9,33.15,32.61,32.83,834664.9200000002
sol_usdt,BINANCE,2022-10-09 00:00:00,32.83,33.14,32.35,33.11,872008.64
sol_usdt,BINANCE,2022-10-10 00:00:00,33.1,33.46,32.36,32.6,1335999.9900000005
sol_usdt,BINANCE,2022-10-11 00:00:00,32.6,32.65,31.07,31.57,1825399.7399999995
sol_usdt,BINANCE,2022-10-12 00:00:00,31.57,31.89,30.42,31.28,1458215.19
sol_usdt,BINANCE,2022-10-13 00:00:00,31.29,31.29,27.87,29.67,3692324.099999999
sol_usdt,BINANCE,2022-10-14 00:00:00,29.67,31.98,29.6,30.82,2688981.4899999998
sol_usdt,BINANCE,2022-10-15 00:00:00,30.81,30.9,29.55,29.92,1384973.0100000002
sol_usdt,BINANCE,2022-10-16 00:00:00,29.92,30.08,29.42,29.96,768934.72
sol_usdt,BINANCE,2022-10-17 00:00:00,29.96,31.21,29.82,30.93,1635910.5100000002
sol_usdt,BINANCE,2022-10-18 00:00:00,30.93,31.48,30.13,30.32,1822055.1300000001
sol_usdt,BINANCE,2022-10-19 00:00:00,30.31,30.5,29.56,29.99,1693929.07
sol_usdt,BINANCE,2022-10-20 00:00:00,29.99,30.01,28.42,29.14,2001780.8000000005
sol_usdt,BINANCE,2022-10-21 00:00:00,29.14,29.15,26.84,27.58,3348303.2099999995
sol_usdt,BINANCE,2022-10-22 00:00:00,27.58,28.28,27.48,28.0,1817004.3800000001
sol_usdt,BINANCE,2022-10-23 00:00:00,27.99,28.58,27.64,27.94,1530645.0799999998
sol_usdt,BINANCE,2022-10-24 00:00:00,27.94,29.5,27.89,28.45,2956464.7499999995
sol_usdt,BINANCE,2022-10-25 00:00:00,28.44,29.79,28.05,29.69,2100347.9200000004
sol_usdt,BINANCE,2022-10-26 00:00:00,29.69,32.31,29.69,31.42,5818712.680000001
sol_usdt,BINANCE,2022-10-27 00:00:00,31.42,32.36,30.94,31.3,3473428.9599999995
sol_usdt,BINANCE,2022-10-28 00:00:00,31.31,31.61,30.11,31.1,2744194.45
sol_usdt,BINANCE,2022-10-29 00:00:00,31.09,33.84,31.03,33.15,3728315.31
sol_usdt,BINANCE,2022-10-30 00:00:00,33.15,33.73,32.12,32.22,2332858.75
sol_usdt,BINANCE,2022-10-31 00:00:00,32.21,34.39,31.93,33.01,3056810.24
sol_usdt,BINANCE,2022-11-01 00:00:00,33.0,33.39,32.2,32.48,2132551.9
sol_usdt,BINANCE,2022-11-02 00:00:00,32.47,32.59,31.11,31.33,1682243.11
sol_usdt,BINANCE,2022-11-03 00:00:00,31.32,32.95,30.24,31.2,4144795.68
sol_usdt,BINANCE,2022-11-04 00:00:00,31.19,34.0,30.62,33.13,3296683.53
sol_usdt,BINANCE,2022-11-05 00:00:00,33.12,38.08,32.7,37.24,5184753.52
sol_usdt,BINANCE,2022-11-06 00:00:00,37.24,38.79,34.96,35.05,5845529.200000001
sol_usdt,BINANCE,2022-11-07 00:00:00,35.06,35.4,30.62,32.82,8360380.87
sol_usdt,BINANCE,2022-11-08 00:00:00,32.82,32.87,25.0,27.72,16885644.729999997
sol_usdt,BINANCE,2022-11-09 00:00:00,27.71,31.72,15.73,16.07,35981166.806
sol_usdt,BINANCE,2022-11-10 00:00:00,16.08,18.55,12.37,17.67,37963824.099
sol_usdt,BINANCE,2022-11-11 00:00:00,17.66,18.87,15.1,16.46,20089883.63
sol_usdt,BINANCE,2022-11-12 00:00:00,16.46,16.65,14.75,14.82,9653172.959999997
sol_usdt,BINANCE,2022-11-13 00:00:00,14.82,15.26,13.33,14.06,7109235.3
sol_usdt,BINANCE,2022-11-14 00:00:00,14.05,15.01,12.07,13.72,12029737.909999996
sol_usdt,BINANCE,2022-11-15 00:00:00,13.72,15.1,13.25,14.35,8408036.780000001
sol_usdt,BINANCE,2022-11-16 00:00:00,14.34,14.64,13.67,13.77,4622924.34
sol_usdt,BINANCE,2022-11-17 00:00:00,13.77,14.5,12.93,13.52,6344730.649999999
sol_usdt,BINANCE,2022-11-18 00:00:00,13.52,13.89,13.25,13.37,3421916.5
sol_usdt,BINANCE,2022-11-19 00:00:00,13.37,13.41,12.58,12.72,3156145.0800000005
sol_usdt,BINANCE,2022-11-20 00:00:00,12.72,13.58,12.47,13.0,4057381.2400000007
sol_usdt,BINANCE,2022-11-21 00:00:00,13.0,13.03,11.54,11.92,4842228.4290000005
sol_usdt,BINANCE,2022-11-22 00:00:00,11.92,12.09,10.94,12.06,5337900.98
sol_usdt,BINANCE,2022-11-23 00:00:00,12.06,13.48,11.66,13.08,6630030.960000001
sol_usdt,BINANCE,2022-11-24 00:00:00,13.09,14.96,12.99,14.44,6618327.960000001
sol_usdt,BINANCE,2022-11-25 00:00:00,14.44,14.79,13.91,14.15,3164223.9700000007
sol_usdt,BINANCE,2022-11-26 00:00:00,14.15,14.98,13.95,14.42,2886295.46
sol_usdt,BINANCE,2022-11-27 00:00:00,14.43,14.45,13.97,14.41,2135294.58
sol_usdt,BINANCE,2022-11-28 00:00:00,14.41,14.44,12.78,13.23,4087790.61
sol_usdt,BINANCE,2022-11-29 00:00:00,13.24,13.96,13.0,13.44,3299576.400000001
sol_usdt,BINANCE,2022-11-30 00:00:00,13.45,13.93,13.27,13.53,2776499.6500000004
sol_usdt,BINANCE,2022-12-01 00:00:00,13.53,14.32,13.21,13.62,3345623.39
sol_usdt,BINANCE,2022-12-02 00:00:00,13.63,13.84,13.33,13.54,2729451.3499999996
sol_usdt,BINANCE,2022-12-03 00:00:00,13.53,13.79,13.44,13.58,2088875.3900000001
sol_usdt,BINANCE,2022-12-04 00:00:00,13.57,13.64,13.2,13.48,1751107.5699999998
sol_usdt,BINANCE,2022-12-05 00:00:00,13.48,14.17,13.44,13.75,3425376.5600000005
sol_usdt,BINANCE,2022-12-06 00:00:00,13.76,14.38,13.58,13.98,3739365.559999999
sol_usdt,BINANCE,2022-12-07 00:00:00,13.98,14.34,13.39,13.68,2901763.32
sol_usdt,BINANCE,2022-12-08 00:00:00,13.68,13.74,13.27,13.57,2187928.58
sol_usdt,BINANCE,2022-12-09 00:00:00,13.57,14.02,13.54,13.87,2432900.31
sol_usdt,BINANCE,2022-12-10 00:00:00,13.87,13.89,13.51,13.64,1442942.62
sol_usdt,BINANCE,2022-12-11 00:00:00,13.64,13.77,13.53,13.66,823437.3899999999
sol_usdt,BINANCE,2022-12-12 00:00:00,13.66,13.8,12.82,13.1,2337174.62
sol_usdt,BINANCE,2022-12-13 00:00:00,13.11,14.15,12.76,13.72,4243879.74
sol_usdt,BINANCE,2022-12-14 00:00:00,13.73,14.55,13.57,14.48,2567022.55
sol_usdt,BINANCE,2022-12-15 00:00:00,14.48,14.96,13.86,14.0,5258027.499999999
sol_usdt,BINANCE,2022-12-16 00:00:00,13.99,14.2,12.95,13.01,2828462.0300000003
sol_usdt,BINANCE,2022-12-17 00:00:00,13.01,13.11,11.92,12.31,4317394.449999999
sol_usdt,BINANCE,2022-12-18 00:00:00,12.31,12.6,12.14,12.31,1322011.4299999997
sol_usdt,BINANCE,2022-12-19 00:00:00,12.31,12.6,12.15,12.17,1778063.2899999998
sol_usdt,BINANCE,2022-12-20 00:00:00,12.17,12.49,11.66,12.35,2347171.7700000005
sol_usdt,BINANCE,2022-12-21 00:00:00,12.34,12.35,11.92,12.07,1551639.95
sol_usdt,BINANCE,2022-12-22 00:00:00,12.07,12.22,11.72,11.77,1473646.5099999998
sol_usdt,BINANCE,2022-12-23 00:00:00,11.76,12.11,11.67,11.85,2155479.33
sol_usdt,BINANCE,2022-12-24 00:00:00,11.84,11.88,11.07,11.37,2112849.4499999997
sol_usdt,BINANCE,2022-12-25 00:00:00,11.38,11.61,11.24,11.34,1100925.5
sol_usdt,BINANCE,2022-12-26 00:00:00,11.35,11.49,11.12,11.19,1286420.7500000002
sol_usdt,BINANCE,2022-12-27 00:00:00,11.19,11.44,10.71,10.77,2456356.0100000002
sol_usdt,BINANCE,2022-12-28 00:00:00,10.76,11.16,9.65,9.95,6523736.001000001
sol_usdt,BINANCE,2022-12-29 00:00:00,9.95,10.1,9.26,9.39,5343983.7
sol_usdt,BINANCE,2022-12-30 00:00:00,9.38,10.89,8.0,9.58,18378265.979999997
sol_usdt,BINANCE,2022-12-31 00:00:00,9.58,10.2,9.5,10.15,5680746.93
sol_usdt,BINANCE,2023-01-01 00:00:00,10.16,10.19,9.69,9.87,2517809.58
sol_usdt,BINANCE,2023-01-02 00:00:00,9.86,12.0,9.81,11.11,6996656.409999999
sol_usdt,BINANCE,2023-01-03 00:00:00,11.12,13.29,11.0,13.09,10269967.95
sol_usdt,BINANCE,2023-01-04 00:00:00,13.09,14.24,12.7,13.36,15640846.5
sol_usdt,BINANCE,2023-01-05 00:00:00,13.36,13.65,12.83,13.29,6714858.17
sol_usdt,BINANCE,2023-01-06 00:00:00,13.3,13.89,12.69,13.19,5974585.13
sol_usdt,BINANCE,2023-01-07 00:00:00,13.2,13.6,13.07,13.27,3044441.5799999996
sol_usdt,BINANCE,2023-01-08 00:00:00,13.27,13.94,12.85,13.88,3990125.209999999
sol_usdt,BINANCE,2023-01-09 00:00:00,13.88,17.5,13.47,17.13,17557674.490000002
sol_usdt,BINANCE,2023-01-10 00:00:00,17.14,17.38,15.57,16.25,10833610.920000002
sol_usdt,BINANCE,2023-01-11 00:00:00,16.24,16.73,15.3,15.41,6160262.970000001
sol_usdt,BINANCE,2023-01-12 00:00:00,15.41,17.0,15.28,15.96,9070741.21
sol_usdt,BINANCE,2023-01-13 00:00:00,15.96,17.35,15.9,16.81,9049245.679999998
sol_usdt,BINANCE,2023-01-14 00:00:00,16.82,24.74,16.52,22.33,26699992.82
sol_usdt,BINANCE,2023-01-15 00:00:00,22.34,25.0,21.98,23.69,13014483.16
sol_usdt,BINANCE,2023-01-16 00:00:00,23.69,25.0,22.3,23.08,10469367.680000003
sol_usdt,BINANCE,2023-01-17 00:00:00,23.08,24.24,22.79,23.27,6860302.010000001
sol_usdt,BINANCE,2023-01-18 00:00:00,23.27,23.68,20.78,21.79,7073326.570000001
sol_usdt,BINANCE,2023-01-19 00:00:00,21.78,22.53,20.34,21.07,10000787.420000002
sol_usdt,BINANCE,2023-01-20 00:00:00,21.07,21.88,20.86,21.42,4259552.55
sol_usdt,BINANCE,2023-01-21 00:00:00,21.43,26.6,21.4,25.23,17525151.9
sol_usdt,BINANCE,2023-01-22 00:00:00,25.23,26.11,24.4,24.97,6500325.53
sol_usdt,BINANCE,2023-01-23 00:00:00,24.96,25.25,23.5,24.17,7017047.600000001
sol_usdt,BINANCE,2023-01-24 00:00:00,24.17,25.24,23.96,24.48,5362932.699999999
sol_usdt,BINANCE,2023-01-25 00:00:00,24.48,24.55,22.24,23.32,7438709.960000001
sol_usdt,BINANCE,2023-01-26 00:00:00,23.32,25.43,23.22,24.26,7243969.670000002
sol_usdt,BINANCE,2023-01-27 00:00:00,24.26,24.72,23.27,23.83,4690997.68
sol_usdt,BINANCE,2023-01-28 00:00:00,23.82,25.24,23.7,24.17,4319761.1899999995
sol_usdt,BINANCE,2023-01-29 00:00:00,24.16,24.79,23.73,24.69,3168866.8499999996
sol_usdt,BINANCE,2023-01-30 00:00:00,24.68,26.8,23.77,24.38,10496166.469999997
sol_usdt,BINANCE,2023-01-31 00:00:00,24.37,24.64,23.11,24.09,4814399.23
sol_usdt,BINANCE,2023-02-01 00:00:00,24.1,24.47,22.7,22.81,4316091.1
sol_usdt,BINANCE,2023-02-02 00:00:00,22.81,25.78,22.48,25.02,8632081.19
sol_usdt,BINANCE,2023-02-03 00:00:00,25.0,26.15,24.01,24.86,6626533.430000002
sol_usdt,BINANCE,2023-02-04 00:00:00,24.86,25.05,24.25,24.71,2390375.36
sol_usdt,BINANCE,2023-02-05 00:00:00,24.71,24.8,23.1,23.64,3989341.0
sol_usdt,BINANCE,2023-02-06 00:00:00,23.64,23.72,22.81,23.47,3857733.7000000007
sol_usdt,BINANCE,2023-02-07 00:00:00,23.47,23.6,22.45,23.03,3260504.1699999995
sol_usdt,BINANCE,2023-02-08 00:00:00,23.02,24.24,22.59,23.28,5575171.359999999
sol_usdt,BINANCE,2023-02-09 00:00:00,23.28,23.47,21.92,22.65,4663658.2299999995
sol_usdt,BINANCE,2023-02-10 00:00:00,22.66,22.7,20.0,20.73,7028499.7700000005
sol_usdt,BINANCE,2023-02-11 00:00:00,20.72,20.99,19.68,20.52,2971539.5799999996
sol_usdt,BINANCE,2023-02-12 00:00:00,20.52,21.59,20.26,21.43,2310126.9899999998
sol_usdt,BINANCE,2023-02-13 00:00:00,21.43,22.59,20.04,20.37,7845987.86
sol_usdt,BINANCE,2023-02-14 00:00:00,20.37,22.37,19.73,21.89,7370383.18
sol_usdt,BINANCE,2023-02-15 00:00:00,21.89,22.75,21.45,22.43,4829135.109999999
sol_usdt,BINANCE,2023-02-16 00:00:00,22.42,24.2,22.27,23.86,6641380.090000001
sol_usdt,BINANCE,2023-02-17 00:00:00,23.86,24.14,21.99,22.79,5620172.58
sol_usdt,BINANCE,2023-02-18 00:00:00,22.79,23.63,22.58,23.42,3462522.77
sol_usdt,BINANCE,2023-02-19 00:00:00,23.41,25.28,23.2,25.26,4806220.319999999
sol_usdt,BINANCE,2023-02-20 00:00:00,25.27,27.12,24.0,26.54,12765863.909999998
sol_usdt,BINANCE,2023-02-21 00:00:00,26.54,26.61,24.75,25.06,6936883.929999999
sol_usdt,BINANCE,2023-02-22 00:00:00,25.06,25.5,23.21,23.65,7284169.130000001
sol_usdt,BINANCE,2023-02-23 00:00:00,23.66,24.69,23.4,23.88,5238294.760000001
sol_usdt,BINANCE,2023-02-24 00:00:00,23.87,24.21,22.92,23.05,3703856.07
sol_usdt,BINANCE,2023-02-25 00:00:00,23.04,23.35,22.02,22.34,4745622.219999999
sol_usdt,BINANCE,2023-02-26 00:00:00,22.34,22.99,21.41,22.93,3446989.5100000002
sol_usdt,BINANCE,2023-02-27 00:00:00,22.94,23.53,22.62,23.06,3634152.459999999
sol_usdt,BINANCE,2023-02-28 00:00:00,23.07,23.14,22.05,22.54,2714575.1199999996
sol_usdt,BINANCE,2023-03-01 00:00:00,22.54,22.91,21.65,22.66,2570569.51
sol_usdt,BINANCE,2023-03-02 00:00:00,22.66,22.67,21.67,21.85,2480767.3299999996
sol_usdt,BINANCE,2023-03-03 00:00:00,21.84,22.16,20.34,21.26,3569129.109999999
sol_usdt,BINANCE,2023-03-04 00:00:00,21.26,21.62,20.93,20.96,1497366.2800000003
sol_usdt,BINANCE,2023-03-05 00:00:00,20.96,21.72,20.2,21.27,2059818.9099999997
sol_usdt,BINANCE,2023-03-06 00:00:00,21.27,21.33,20.55,21.06,2034592.4399999995
sol_usdt,BINANCE,2023-03-07 00:00:00,21.05,21.19,19.92,20.42,2715173.6300000004
sol_usdt,BINANCE,2023-03-08 00:00:00,20.42,20.51,18.64,19.24,4763144.93
sol_usdt,BINANCE,2023-03-09 00:00:00,19.24,19.41,18.1,18.35,5091464.209999999
sol_usdt,BINANCE,2023-03-10 00:00:00,18.36,18.4,16.0,17.67,12483312.299999999
sol_usdt,BINANCE,2023-03-11 00:00:00,17.66,18.89,16.94,17.14,6736263.290000001
sol_usdt,BINANCE,2023-03-12 00:00:00,17.15,18.28,17.0,17.84,3672282.3099999996
sol_usdt,BINANCE,2023-03-13 00:00:00,17.85,21.47,17.78,20.71,13024628.28
sol_usdt,BINANCE,2023-03-14 00:00:00,20.71,22.12,19.75,21.91,8470502.47
sol_usdt,BINANCE,2023-03-15 00:00:00,21.91,22.0,19.07,19.24,8480147.359999998
sol_usdt,BINANCE,2023-03-16 00:00:00,19.25,19.82,18.7,19.58,5946352.919999999
sol_usdt,BINANCE,2023-03-17 00:00:00,19.59,20.73,19.27,20.04,4651303.76
sol_usdt,BINANCE,2023-03-18 00:00:00,20.03,22.94,19.9,21.84,7981404.930000002
sol_usdt,BINANCE,2023-03-19 00:00:00,21.83,22.39,21.05,22.01,4132473.269999999
sol_usdt,BINANCE,2023-03-20 00:00:00,22.0,23.91,21.35,23.17,9257073.54
sol_usdt,BINANCE,2023-03-21 00:00:00,23.16,23.44,21.51,22.92,7504174.750000001
sol_usdt,BINANCE,2023-03-22 00:00:00,22.92,23.2,22.02,22.63,5078114.440000001
sol_usdt,BINANCE,2023-03-23 00:00:00,22.64,22.95,20.93,22.4,8344722.65
sol_usdt,BINANCE,2023-03-24 00:00:00,22.39,22.95,20.99,21.2,4195297.850000001
sol_usdt,BINANCE,2023-03-25 00:00:00,21.21,21.33,20.26,20.87,4332729.090000001
sol_usdt,BINANCE,2023-03-26 00:00:00,20.88,21.14,20.09,20.82,2260605.7200000007
sol_usdt,BINANCE,2023-03-27 00:00:00,20.82,21.1,19.33,19.78,3095662.68
sol_usdt,BINANCE,2023-03-28 00:00:00,19.77,20.4,19.59,20.24,2978293.6200000006
sol_usdt,BINANCE,2023-03-29 00:00:00,20.25,21.56,20.04,21.24,3804229.1900000004
sol_usdt,BINANCE,2023-03-30 00:00:00,21.23,21.67,20.41,20.53,4087281.8800000004
sol_usdt,BINANCE,2023-03-31 00:00:00,20.54,21.0,20.04,20.87,3250469.96
sol_usdt,BINANCE,2023-04-01 00:00:00,20.87,21.49,20.69,20.96,2430984.9400000004
sol_usdt,BINANCE,2023-04-02 00:00:00,20.96,21.3,20.43,20.58,1716639.0599999998
sol_usdt,BINANCE,2023-04-03 00:00:00,20.59,20.68,19.94,20.32,2516656.46
sol_usdt,BINANCE,2023-04-04 00:00:00,20.33,21.26,20.05,20.86,4084494.1500000013
sol_usdt,BINANCE,2023-04-05 00:00:00,20.86,21.34,20.58,20.8,2593352.87
sol_usdt,BINANCE,2023-04-06 00:00:00,20.81,21.04,20.43,20.74,1809107.04
sol_usdt,BINANCE,2023-04-07 00:00:00,20.75,20.86,20.22,20.54,1430327.6099999999
sol_usdt,BINANCE,2023-04-08 00:00:00,20.54,20.74,20.27,20.45,872425.9500000002
sol_usdt,BINANCE,2023-04-09 00:00:00,20.45,20.45,19.85,20.13,1620777.2000000002
sol_usdt,BINANCE,2023-04-10 00:00:00,20.12,20.44,20.06,20.22,1023602.8800000001
sol_usdt,BINANCE,2023-04-11 00:00:00,20.22,23.5,20.17,23.32,6776632.83
sol_usdt,BINANCE,2023-04-12 00:00:00,23.32,24.48,22.29,23.61,10074993.909999998
sol_usdt,BINANCE,2023-04-13 00:00:00,23.61,25.3,23.54,24.63,7670687.68
sol_usdt,BINANCE,2023-04-14 00:00:00,24.62,25.49,23.79,23.83,6039863.220000002
sol_usdt,BINANCE,2023-04-15 00:00:00,23.83,24.98,23.73,24.34,3428379.5599999996
sol_usdt,BINANCE,2023-04-16 00:00:00,24.34,24.48,23.81,24.32,2393032.2399999998
sol_usdt,BINANCE,2023-04-17 00:00:00,24.32,26.0,24.19,24.53,6886263.98
sol_usdt,BINANCE,2023-04-18 00:00:00,24.54,25.44,24.0,24.92,3439600.17
sol_usdt,BINANCE,2023-04-19 00:00:00,24.92,25.0,21.71,23.33,5957856.15
sol_usdt,BINANCE,2023-04-20 00:00:00,23.34,23.49,22.06,22.13,4828530.73
sol_usdt,BINANCE,2023-04-21 00:00:00,22.13,22.44,21.59,21.88,4001496.8
sol_usdt,BINANCE,2023-04-22 00:00:00,21.87,21.94,21.0,21.74,3477085.42
sol_usdt,BINANCE,2023-04-23 00:00:00,21.73,22.25,21.44,21.66,2417560.46
sol_usdt,BINANCE,2023-04-24 00:00:00,21.65,22.02,20.91,21.35,3306743.839999999
sol_usdt,BINANCE,2023-04-25 00:00:00,21.34,21.56,20.73,20.88,3052861.9999999995
sol_usdt,BINANCE,2023-04-26 00:00:00,20.87,22.97,20.77,22.68,4163841.9699999997
sol_usdt,BINANCE,2023-04-27 00:00:00,22.67,22.85,20.36,22.25,7051223.310000001
sol_usdt,BINANCE,2023-04-28 00:00:00,22.25,22.87,22.03,22.38,3212324.26
sol_usdt,BINANCE,2023-04-29 00:00:00,22.38,23.89,22.37,23.35,4637397.529999999
sol_usdt,BINANCE,2023-04-30 00:00:00,23.34,23.99,22.9,23.67,2605268.9999999995
sol_usdt,BINANCE,2023-05-01 00:00:00,23.68,23.88,21.74,21.89,4279547.149999999
sol_usdt,BINANCE,2023-05-02 00:00:00,21.89,22.31,21.54,22.19,2847559.3900000006
sol_usdt,BINANCE,2023-05-03 00:00:00,22.19,22.38,21.23,21.33,3134149.0999999996
sol_usdt,BINANCE,2023-05-04 00:00:00,21.32,22.49,21.27,21.82,3784393.1699999995
sol_usdt,BINANCE,2023-05-05 00:00:00,21.81,22.49,21.56,22.32,2686286.82
sol_usdt,BINANCE,2023-05-06 00:00:00,22.32,23.23,21.56,21.79,3847719.28
sol_usdt,BINANCE,2023-05-07 00:00:00,21.78,22.56,21.72,22.46,1813384.17
sol_usdt,BINANCE,2023-05-08 00:00:00,22.46,22.78,20.75,21.16,4740230.57
sol_usdt,BINANCE,2023-05-09 00:00:00,21.16,21.2,20.0,20.55,3842199.48
sol_usdt,BINANCE,2023-05-10 00:00:00,20.55,21.31,20.4,21.09,3003015.67
sol_usdt,BINANCE,2023-05-11 00:00:00,21.08,21.28,19.74,20.17,4942185.95
sol_usdt,BINANCE,2023-05-12 00:00:00,20.16,20.75,19.69,20.3,3215296.990000001
sol_usdt,BINANCE,2023-05-13 00:00:00,20.29,21.29,19.91,20.87,2792413.7899999996
sol_usdt,BINANCE,2023-05-14 00:00:00,20.87,21.28,20.62,21.18,1678070.25
sol_usdt,BINANCE,2023-05-15 00:00:00,21.17,21.52,20.6,21.37,2387490.2600000002
sol_usdt,BINANCE,2023-05-16 00:00:00,21.38,21.49,20.65,20.78,2424952.5799999996
sol_usdt,BINANCE,2023-05-17 00:00:00,20.78,21.08,20.42,20.59,2638285.9700000007
sol_usdt,BINANCE,2023-05-18 00:00:00,20.59,21.23,20.47,20.53,2687337.4299999997
sol_usdt,BINANCE,2023-05-19 00:00:00,20.52,20.6,20.07,20.4,1944555.4800000002
sol_usdt,BINANCE,2023-05-20 00:00:00,20.41,20.51,20.08,20.28,879626.15
sol_usdt,BINANCE,2023-05-21 00:00:00,20.28,20.39,19.81,19.94,1250773.8199999998
sol_usdt,BINANCE,2023-05-22 00:00:00,19.93,20.06,19.28,19.67,2496644.7800000007
sol_usdt,BINANCE,2023-05-23 00:00:00,19.67,20.18,19.42,20.0,2291070.0799999996
sol_usdt,BINANCE,2023-05-24 00:00:00,20.01,20.16,18.66,19.17,2926880.0900000003
sol_usdt,BINANCE,2023-05-25 00:00:00,19.17,19.58,18.77,19.24,1899458.7699999996
sol_usdt,BINANCE,2023-05-26 00:00:00,19.24,19.56,19.08,19.43,1165824.35
sol_usdt,BINANCE,2023-05-27 00:00:00,19.43,19.64,19.3,19.61,752175.8799999999
sol_usdt,BINANCE,2023-05-28 00:00:00,19.61,20.79,19.51,20.5,2629083.37
sol_usdt,BINANCE,2023-05-29 00:00:00,20.5,21.19,20.41,20.48,2764380.4500000007
sol_usdt,BINANCE,2023-05-30 00:00:00,20.47,21.4,20.26,20.96,3146192.0900000003
sol_usdt,BINANCE,2023-05-31 00:00:00,20.95,21.39,20.37,20.48,2465574.6699999995
sol_usdt,BINANCE,2023-06-01 00:00:00,20.47,20.98,20.41,20.69,1625350.5899999999
sol_usdt,BINANCE,2023-06-02 00:00:00,20.69,21.3,20.3,21.19,2030082.3399999999
sol_usdt,BINANCE,2023-06-03 00:00:00,21.18,21.37,21.03,21.25,1265818.8900000001
sol_usdt,BINANCE,2023-06-04 00:00:00,21.24,22.15,20.95,22.05,2090564.5499999998
sol_usdt,BINANCE,2023-06-05 00:00:00,22.04,22.3,19.84,19.93,4408922.55
sol_usdt,BINANCE,2023-06-06 00:00:00,19.92,20.58,19.03,19.94,5695048.56
sol_usdt,BINANCE,2023-06-07 00:00:00,19.95,20.7,19.22,19.32,3721899.1399999997
sol_usdt,BINANCE,2023-06-08 00:00:00,19.32,19.32,18.23,18.92,3765269.0599999996
sol_usdt,BINANCE,2023-06-09 00:00:00,18.92,19.37,18.47,18.7,2698383.880000001
sol_usdt,BINANCE,2023-06-10 00:00:00,18.71,18.71,12.8,14.77,15713090.560000002
sol_usdt,BINANCE,2023-06-11 00:00:00,14.77,15.89,14.52,15.22,7632289.59
sol_usdt,BINANCE,2023-06-12 00:00:00,15.22,16.18,14.9,15.2,5830719.96
sol_usdt,BINANCE,2023-06-13 00:00:00,15.2,16.0,14.74,14.8,5720884.0200000005
sol_usdt,BINANCE,2023-06-14 00:00:00,14.8,15.3,14.78,15.11,2370953.84
sol_usdt,BINANCE,2023-06-15 00:00:00,15.1,15.37,14.06,14.48,5833468.249999999
sol_usdt,BINANCE,2023-06-16 00:00:00,14.48,15.09,14.18,15.0,3195199.6300000004
sol_usdt,BINANCE,2023-06-17 00:00:00,15.01,16.12,14.89,15.65,3215732.43
sol_usdt,BINANCE,2023-06-18 00:00:00,15.65,15.79,15.41,15.72,1250720.32
sol_usdt,BINANCE,2023-06-19 00:00:00,15.71,15.84,15.28,15.56,1579192.36
sol_usdt,BINANCE,2023-06-20 00:00:00,15.56,16.3,15.43,15.95,2512048.1799999997
sol_usdt,BINANCE,2023-06-21 00:00:00,15.95,17.21,15.85,16.89,4248692.42
sol_usdt,BINANCE,2023-06-22 00:00:00,16.88,17.75,16.62,16.9,4258368.3500000015
sol_usdt,BINANCE,2023-06-23 00:00:00,16.89,17.11,16.16,16.98,3354944.650000001
sol_usdt,BINANCE,2023-06-24 00:00:00,16.98,17.53,16.5,16.62,4441594.609999999
sol_usdt,BINANCE,2023-06-25 00:00:00,16.62,17.38,16.37,17.12,2770404.8999999994
sol_usdt,BINANCE,2023-06-26 00:00:00,17.12,17.28,16.54,16.82,2358740.1
sol_usdt,BINANCE,2023-06-27 00:00:00,16.82,16.83,15.89,16.39,3353238.049999999
sol_usdt,BINANCE,2023-06-28 00:00:00,16.39,16.93,15.79,16.33,3675566.4899999993
sol_usdt,BINANCE,2023-06-29 00:00:00,16.33,18.28,15.6,17.68,7522654.459999999
sol_usdt,BINANCE,2023-06-30 00:00:00,17.67,19.56,17.01,18.28,10251350.030000001
sol_usdt,BINANCE,2023-07-01 00:00:00,18.28,20.03,17.9,18.44,5963882.230000001
sol_usdt,BINANCE,2023-07-02 00:00:00,18.44,19.5,18.25,19.29,4191144.8499999996
sol_usdt,BINANCE,2023-07-03 00:00:00,19.29,19.74,18.94,19.29,3231924.0600000005
sol_usdt,BINANCE,2023-07-04 00:00:00,19.28,19.94,18.87,19.84,2979604.23
sol_usdt,BINANCE,2023-07-05 00:00:00,19.84,19.86,18.32,18.59,3066496.0399999996
sol_usdt,BINANCE,2023-07-06 00:00:00,18.59,20.36,18.51,19.71,5900738.69
sol_usdt,BINANCE,2023-07-07 00:00:00,19.7,21.9,19.26,21.23,11749972.450000001
sol_usdt,BINANCE,2023-07-08 00:00:00,21.22,22.5,21.04,21.52,7100141.830000002
sol_usdt,BINANCE,2023-07-09 00:00:00,21.52,22.38,21.1,21.25,4633133.54
sol_usdt,BINANCE,2023-07-10 00:00:00,21.25,21.48,20.47,21.15,4378765.240000001
sol_usdt,BINANCE,2023-07-11 00:00:00,21.16,22.37,20.91,22.13,5750986.45
sol_usdt,BINANCE,2023-07-12 00:00:00,22.14,22.8,21.74,22.42,5298350.399999999
sol_usdt,BINANCE,2023-07-13 00:00:00,22.42,25.4,21.42,24.06,7810687.299999999
sol_usdt,BINANCE,2023-07-14 00:00:00,24.06,32.13,24.06,28.17,23991261.180000007
sol_usdt,BINANCE,2023-07-15 00:00:00,28.17,29.12,25.23,27.56,14614400.710000003
sol_usdt,BINANCE,2023-07-16 00:00:00,27.56,28.7,26.46,28.1,7056442.130000001
sol_usdt,BINANCE,2023-07-17 00:00:00,28.1,28.49,26.36,27.01,6822313.46
sol_usdt,BINANCE,2023-07-18 00:00:00,27.01,27.26,24.76,25.53,8680839.14
sol_usdt,BINANCE,2023-07-19 00:00:00,25.52,26.73,24.87,26.37,4406056.92
sol_usdt,BINANCE,2023-07-20 00:00:00,26.36,27.38,25.57,25.69,5297639.99
sol_usdt,BINANCE,2023-07-21 00:00:00,25.69,25.77,25.03,25.31,3605471.2700000005
sol_usdt,BINANCE,2023-07-22 00:00:00,25.3,26.0,25.17,25.68,2297036.4899999998
sol_usdt,BINANCE,2023-07-23 00:00:00,25.69,25.75,24.0,24.69,2629273.77
sol_usdt,BINANCE,2023-07-24 00:00:00,24.69,25.26,22.89,23.21,4085005.29
sol_usdt,BINANCE,2023-07-25 00:00:00,23.21,23.61,22.73,23.22,2837745.8800000004
sol_usdt,BINANCE,2023-07-26 00:00:00,23.22,25.0,23.07,24.91,3800463.19
sol_usdt,BINANCE,2023-07-27 00:00:00,24.92,25.68,24.5,25.16,5927596.16
sol_usdt,BINANCE,2023-07-28 00:00:00,25.15,25.56,24.54,25.23,3183417.04
sol_usdt,BINANCE,2023-07-29 00:00:00,25.23,25.42,24.75,25.08,1887100.7
sol_usdt,BINANCE,2023-07-30 00:00:00,25.07,25.39,24.73,24.9,1658471.52
sol_usdt,BINANCE,2023-07-31 00:00:00,24.89,25.0,23.47,23.92,3760163.2300000004
sol_usdt,BINANCE,2023-08-01 00:00:00,23.93,24.15,22.84,23.27,3652418.8200000003
sol_usdt,BINANCE,2023-08-02 00:00:00,23.27,24.29,23.1,23.26,3173432.9800000004
sol_usdt,BINANCE,2023-08-03 00:00:00,23.25,23.38,22.44,22.79,3286578.85
sol_usdt,BINANCE,2023-08-04 00:00:00,22.8,23.57,22.47,23.35,2888638.4399999995
sol_usdt,BINANCE,2023-08-05 00:00:00,23.36,23.46,22.49,22.59,2336640.71
sol_usdt,BINANCE,2023-08-06 00:00:00,22.59,23.48,22.23,23.03,2514531.8899999997
sol_usdt,BINANCE,2023-08-07 00:00:00,23.02,23.67,22.66,22.77,2641033.06
sol_usdt,BINANCE,2023-08-08 00:00:00,22.76,23.91,22.27,23.73,3554803.4699999997
sol_usdt,BINANCE,2023-08-09 00:00:00,23.74,24.99,23.71,24.56,5515093.639999999
sol_usdt,BINANCE,2023-08-10 00:00:00,24.56,24.89,24.1,24.56,2755185.8800000004
sol_usdt,BINANCE,2023-08-11 00:00:00,24.56,24.93,24.36,24.55,2271484.830000001
sol_usdt,BINANCE,2023-08-12 00:00:00,24.55,24.76,24.34,24.66,1765581.76
sol_usdt,BINANCE,2023-08-13 00:00:00,24.67,25.24,24.47,24.59,2057660.02
sol_usdt,BINANCE,2023-08-14 00:00:00,24.58,24.89,24.06,24.82,2408830.5899999994
sol_usdt,BINANCE,2023-08-15 00:00:00,24.82,25.42,24.53,24.72,3326962.01
sol_usdt,BINANCE,2023-08-16 00:00:00,24.72,24.84,22.93,23.09,4246259.37
sol_usdt,BINANCE,2023-08-17 00:00:00,23.08,23.64,22.36,22.87,4530249.37
sol_usdt,BINANCE,2023-08-18 00:00:00,22.87,23.32,20.0,21.6,6017136.279999999
sol_usdt,BINANCE,2023-08-19 00:00:00,21.6,21.99,20.9,21.97,2774607.2300000004
sol_usdt,BINANCE,2023-08-20 00:00:00,21.98,22.18,21.57,21.8,1265962.5500000003
sol_usdt,BINANCE,2023-08-21 00:00:00,21.8,21.95,20.3,20.71,2262041.69
sol_usdt,BINANCE,2023-08-22 00:00:00,20.71,21.41,20.58,20.69,1861173.4500000002
sol_usdt,BINANCE,2023-08-23 00:00:00,20.69,20.99,19.35,20.92,4187016.5100000002
sol_usdt,BINANCE,2023-08-24 00:00:00,20.92,22.02,20.9,21.03,3712746.11
sol_usdt,BINANCE,2023-08-25 00:00:00,21.04,21.2,20.25,20.34,2596324.01
sol_usdt,BINANCE,2023-08-26 00:00:00,20.35,20.47,20.09,20.37,1322906.5799999998
sol_usdt,BINANCE,2023-08-27 00:00:00,20.37,20.92,20.2,20.75,959126.5499999998
sol_usdt,BINANCE,2023-08-28 00:00:00,20.74,20.84,20.03,20.54,1417311.37
sol_usdt,BINANCE,2023-08-29 00:00:00,20.54,22.05,20.12,21.32,3880185.0
sol_usdt,BINANCE,2023-08-30 00:00:00,21.33,21.99,20.66,20.84,3948173.3000000003
sol_usdt,BINANCE,2023-08-31 00:00:00,20.83,21.07,20.22,20.33,1705721.5999999999
sol_usdt,BINANCE,2023-09-01 00:00:00,20.33,20.34,19.28,19.39,3508916.63
sol_usdt,BINANCE,2023-09-02 00:00:00,19.4,19.69,19.02,19.56,1999958.6600000004
sol_usdt,BINANCE,2023-09-03 00:00:00,19.55,19.67,19.13,19.34,1196584.7500000002
sol_usdt,BINANCE,2023-09-04 00:00:00,19.34,20.05,19.23,19.41,2159317.1500000004
sol_usdt,BINANCE,2023-09-05 00:00:00,19.4,20.6,19.03,20.41,3633407.3599999994
sol_usdt,BINANCE,2023-09-06 00:00:00,20.4,20.58,19.14,19.38,3272969.8699999996
sol_usdt,BINANCE,2023-09-07 00:00:00,19.39,19.87,19.14,19.52,2532711.07
sol_usdt,BINANCE,2023-09-08 00:00:00,19.53,20.28,19.37,19.52,2542477.27
sol_usdt,BINANCE,2023-09-09 00:00:00,19.52,19.65,19.38,19.53,770735.1800000003
sol_usdt,BINANCE,2023-09-10 00:00:00,19.53,19.57,17.78,18.22,4453467.51
sol_usdt,BINANCE,2023-09-11 00:00:00,18.22,18.6,17.33,17.84,5118095.2
sol_usdt,BINANCE,2023-09-12 00:00:00,17.84,18.8,17.42,18.0,5002734.52
sol_usdt,BINANCE,2023-09-13 00:00:00,18.0,18.56,17.68,18.36,3378030.849999999
sol_usdt,BINANCE,2023-09-14 00:00:00,18.36,19.33,17.89,18.97,5133311.270000001
sol_usdt,BINANCE,2023-09-15 00:00:00,18.97,19.29,18.73,18.88,1930507.66
sol_usdt,BINANCE,2023-09-16 00:00:00,18.89,19.5,18.55,18.97,2056155.4300000002
sol_usdt,BINANCE,2023-09-17 00:00:00,18.96,19.15,18.74,18.98,941460.3899999997
sol_usdt,BINANCE,2023-09-18 00:00:00,18.97,20.15,18.58,19.95,3191425.59
sol_usdt,BINANCE,2023-09-19 00:00:00,19.96,20.42,19.5,20.13,2917648.119999999
sol_usdt,BINANCE,2023-09-20 00:00:00,20.13,20.37,19.8,20.19,2628329.23
sol_usdt,BINANCE,2023-09-21 00:00:00,20.2,20.54,19.29,19.6,3705539.5500000003
sol_usdt,BINANCE,2023-09-22 00:00:00,19.61,19.81,19.23,19.47,1625556.77
sol_usdt,BINANCE,2023-09-23 00:00:00,19.47,19.57,19.15,19.32,1341273.4700000004
sol_usdt,BINANCE,2023-09-24 00:00:00,19.31,19.68,19.29,19.53,843779.3200000001
sol_usdt,BINANCE,2023-09-25 00:00:00,19.53,19.68,19.07,19.57,1705053.47
sol_usdt,BINANCE,2023-09-26 00:00:00,19.58,19.74,19.13,19.17,1693044.52
sol_usdt,BINANCE,2023-09-27 00:00:00,19.16,19.48,18.76,18.95,2651320.6300000004
sol_usdt,BINANCE,2023-09-28 00:00:00,18.94,19.62,18.73,19.59,2090321.4600000002
sol_usdt,BINANCE,2023-09-29 00:00:00,19.6,20.46,19.43,20.34,3490395.0000000005
sol_usdt,BINANCE,2023-09-30 00:00:00,20.33,21.65,20.07,21.43,2949247.84
sol_usdt,BINANCE,2023-10-01 00:00:00,21.44,24.25,21.13,23.1,5089600.26
sol_usdt,BINANCE,2023-10-02 00:00:00,23.09,24.8,22.44,24.06,6737619.570000001
sol_usdt,BINANCE,2023-10-03 00:00:00,24.05,24.77,22.9,23.99,6335880.38
sol_usdt,BINANCE,2023-10-04 00:00:00,23.99,24.33,22.67,22.69,4451459.32
sol_usdt,BINANCE,2023-10-05 00:00:00,22.69,23.76,22.58,22.8,3355733.11
sol_usdt,BINANCE,2023-10-06 00:00:00,22.8,23.68,22.53,23.51,4168635.11
sol_usdt,BINANCE,2023-10-07 00:00:00,23.51,24.21,23.29,23.34,3731104.62
sol_usdt,BINANCE,2023-10-08 00:00:00,23.34,23.64,23.06,23.48,1831071.6899999997
sol_usdt,BINANCE,2023-10-09 00:00:00,23.49,23.56,22.05,22.2,3154175.23
sol_usdt,BINANCE,2023-10-10 00:00:00,22.21,22.48,21.59,21.98,3091361.309999999
sol_usdt,BINANCE,2023-10-11 00:00:00,21.97,22.43,21.69,21.99,2828308.5300000003
sol_usdt,BINANCE,2023-10-12 00:00:00,21.99,22.05,21.15,21.27,2710452.96
sol_usdt,BINANCE,2023-10-13 00:00:00,21.28,21.61,20.93,21.43,2142870.28
sol_usdt,BINANCE,2023-10-14 00:00:00,21.42,22.31,21.41,22.08,2274706.91
sol_usdt,BINANCE,2023-10-15 00:00:00,22.08,22.17,21.66,21.73,1118826.0599999998
sol_usdt,BINANCE,2023-10-16 00:00:00,21.74,24.75,21.71,23.15,5753940.3
sol_usdt,BINANCE,2023-10-17 00:00:00,23.15,24.56,23.15,23.89,4994033.3
sol_usdt,BINANCE,2023-10-18 00:00:00,23.89,24.43,23.62,23.68,3104970.3599999994
sol_usdt,BINANCE,2023-10-19 00:00:00,23.68,24.9,23.11,24.77,4299949.55
sol_usdt,BINANCE,2023-10-20 00:00:00,24.77,27.5,24.67,26.88,8222001.449999998
sol_usdt,BINANCE,2023-10-21 00:00:00,26.89,29.97,26.31,29.04,8318899.390000001
sol_usdt,BINANCE,2023-10-22 00:00:00,29.04,30.31,28.09,28.43,7198343.010000002
sol_usdt,BINANCE,2023-10-23 00:00:00,28.42,31.36,28.39,28.98,8870180.44
sol_usdt,BINANCE,2023-10-24 00:00:00,28.98,32.81,28.88,30.89,12556295.440000001
sol_usdt,BINANCE,2023-10-25 00:00:00,30.89,33.9,29.5,33.41,10751303.9
sol_usdt,BINANCE,2023-10-26 00:00:00,33.41,33.58,30.91,31.32,7840852.500000001
sol_usdt,BINANCE,2023-10-27 00:00:00,31.31,33.35,30.73,32.21,6520517.089999998
sol_usdt,BINANCE,2023-10-28 00:00:00,32.21,32.51,31.2,32.03,3718980.0500000003
sol_usdt,BINANCE,2023-10-29 00:00:00,32.03,32.7,31.27,32.63,2842220.0
sol_usdt,BINANCE,2023-10-30 00:00:00,32.63,35.35,32.28,35.04,7642530.550000001
sol_usdt,BINANCE,2023-10-31 00:00:00,35.04,36.98,34.23,36.1,7867786.720000001
sol_usdt,BINANCE,2023-11-01 00:00:00,36.1,41.84,35.82,40.66,12142709.97
sol_usdt,BINANCE,2023-11-02 00:00:00,40.67,46.9,40.01,40.03,19272145.84
sol_usdt,BINANCE,2023-11-03 00:00:00,40.03,42.13,37.98,39.79,13313523.78
sol_usdt,BINANCE,2023-11-04 00:00:00,39.81,42.72,38.51,41.28,8859529.059999999
sol_usdt,BINANCE,2023-11-05 00:00:00,41.28,42.85,40.5,40.72,4170807.25
sol_usdt,BINANCE,2023-11-06 00:00:00,40.72,41.83,39.66,40.23,4370693.630000001
sol_usdt,BINANCE,2023-11-07 00:00:00,40.23,42.29,39.88,41.21,6238114.42
sol_usdt,BINANCE,2023-11-08 00:00:00,41.21,44.78,41.02,42.77,7128400.910000001
sol_usdt,BINANCE,2023-11-09 00:00:00,42.77,48.88,42.5,46.4,10389235.919999998
sol_usdt,BINANCE,2023-11-10 00:00:00,46.4,51.93,41.36,50.87,12949120.21
sol_usdt,BINANCE,2023-11-11 00:00:00,50.88,63.95,50.64,60.89,15139453.81
sol_usdt,BINANCE,2023-11-12 00:00:00,60.89,62.49,54.5,58.62,11905529.77
sol_usdt,BINANCE,2023-11-13 00:00:00,58.63,59.86,54.28,55.64,9712472.72
sol_usdt,BINANCE,2023-11-14 00:00:00,55.63,57.99,51.12,56.23,12250195.77
sol_usdt,BINANCE,2023-11-15 00:00:00,56.22,63.92,52.2,62.42,11448036.190000003
sol_usdt,BINANCE,2023-11-16 00:00:00,62.43,68.2,60.44,61.6,13962634.39
sol_usdt,BINANCE,2023-11-17 00:00:00,61.61,62.89,54.1,55.04,13480612.799999999
sol_usdt,BINANCE,2023-11-18 00:00:00,55.04,59.46,54.39,58.01,8558126.47
sol_usdt,BINANCE,2023-11-19 00:00:00,58.01,61.79,56.61,59.97,7420737.159999999
sol_usdt,BINANCE,2023-11-20 00:00:00,59.98,62.1,57.6,59.01,6123177.73
sol_usdt,BINANCE,2023-11-21 00:00:00,59.01,59.41,52.73,55.11,8471575.259999998
sol_usdt,BINANCE,2023-11-22 00:00:00,55.11,56.24,51.23,54.94,9994941.700000001
sol_usdt,BINANCE,2023-11-23 00:00:00,54.94,59.63,54.4,56.6,7196434.309999999
sol_usdt,BINANCE,2023-11-24 00:00:00,56.61,58.79,56.14,58.13,3739035.380000001
sol_usdt,BINANCE,2023-11-25 00:00:00,58.13,59.82,55.7,58.55,4342023.27
sol_usdt,BINANCE,2023-11-26 00:00:00,58.55,59.7,56.67,57.1,2684897.88
sol_usdt,BINANCE,2023-11-27 00:00:00,57.09,58.69,53.91,53.94,4316162.330000001
sol_usdt,BINANCE,2023-11-28 00:00:00,53.94,56.42,53.47,56.05,4735291.98
sol_usdt,BINANCE,2023-11-29 00:00:00,56.05,61.78,55.95,60.06,8309223.55
sol_usdt,BINANCE,2023-11-30 00:00:00,60.06,61.7,58.6,59.59,5243022.359999999
sol_usdt,BINANCE,2023-12-01 00:00:00,59.6,61.9,58.6,60.12,4789683.900000001
sol_usdt,BINANCE,2023-12-02 00:00:00,60.13,62.65,59.58,61.89,4848104.5200000005
sol_usdt,BINANCE,2023-12-03 00:00:00,61.88,65.53,61.31,62.98,5239449.140000001
sol_usdt,BINANCE,2023-12-04 00:00:00,62.99,65.25,59.75,60.53,7324620.7299999995
sol_usdt,BINANCE,2023-12-05 00:00:00,60.53,62.17,59.11,60.96,5375200.510000001
sol_usdt,BINANCE,2023-12-06 00:00:00,60.95,66.68,60.21,62.61,11263760.439999998
sol_usdt,BINANCE,2023-12-07 00:00:00,62.61,66.18,61.5,65.81,7904430.659999999
sol_usdt,BINANCE,2023-12-08 00:00:00,65.81,74.3,64.5,72.02,13541223.97
sol_usdt,BINANCE,2023-12-09 00:00:00,72.02,77.78,72.0,75.57,8973782.558
sol_usdt,BINANCE,2023-12-10 00:00:00,75.57,75.84,70.67,73.73,6689977.150000002
sol_usdt,BINANCE,2023-12-11 00:00:00,73.72,75.0,64.18,69.26,10707353.929999998
sol_usdt,BINANCE,2023-12-12 00:00:00,69.26,72.42,67.74,68.46,9216298.940000001
sol_usdt,BINANCE,2023-12-13 00:00:00,68.45,69.09,63.67,67.56,7879192.09
sol_usdt,BINANCE,2023-12-14 00:00:00,67.57,73.87,66.76,71.65,7564174.8100000005
sol_usdt,BINANCE,2023-12-15 00:00:00,71.65,79.5,71.64,76.06,9102383.709999999
sol_usdt,BINANCE,2023-12-16 00:00:00,76.06,77.49,71.18,77.15,6305729.500000002
sol_usdt,BINANCE,2023-12-17 00:00:00,77.16,77.17,71.39,72.68,4635239.839999999
sol_usdt,BINANCE,2023-12-18 00:00:00,72.68,75.05,67.0,70.73,7397657.600000001
sol_usdt,BINANCE,2023-12-19 00:00:00,70.73,76.37,70.41,73.67,5985959.459999997
sol_usdt,BINANCE,2023-12-20 00:00:00,73.68,81.25,71.78,80.68,8326240.050000001
sol_usdt,BINANCE,2023-12-21 00:00:00,80.68,88.71,79.04,87.5,11636621.209999999
sol_usdt,BINANCE,2023-12-22 00:00:00,87.5,99.5,87.48,96.31,14336484.040000003
sol_usdt,BINANCE,2023-12-23 00:00:00,96.31,98.42,92.8,96.77,6062533.73
sol_usdt,BINANCE,2023-12-24 00:00:00,96.77,118.1,96.12,113.55,13694472.909999998
sol_usdt,BINANCE,2023-12-25 00:00:00,113.56,124.3,107.92,123.15,10085332.280000001
sol_usdt,BINANCE,2023-12-26 00:00:00,123.15,126.36,110.27,110.51,11854531.449999997
sol_usdt,BINANCE,2023-12-27 00:00:00,110.52,115.3,102.09,107.8,10862931.99
sol_usdt,BINANCE,2023-12-28 00:00:00,107.79,111.0,97.14,99.71,10530481.549999999
sol_usdt,BINANCE,2023-12-29 00:00:00,99.7,110.0,98.37,105.98,9532298.16
sol_usdt,BINANCE,2023-12-30 00:00:00,105.98,107.96,100.62,104.26,5688843.15
sol_usdt,BINANCE,2023-12-31 00:00:00,104.27,105.21,99.54,102.49,3702433.280000001
sol_usdt,BINANCE,2024-01-01 00:00:00,102.49,106.39,99.78,105.98,3830675.519999999
sol_usdt,BINANCE,2024-01-02 00:00:00,105.99,116.95,105.83,109.61,7721971.359999999
sol_usdt,BINANCE,2024-01-03 00:00:00,109.62,110.48,85.0,102.06,10687510.34
sol_usdt,BINANCE,2024-01-04 00:00:00,102.03,104.4,95.21,103.66,7969672.910000001
sol_usdt,BINANCE,2024-01-05 00:00:00,103.66,108.15,96.72,98.03,7584641.350000001
sol_usdt,BINANCE,2024-01-06 00:00:00,98.03,100.47,91.53,95.18,5444595.649999999
sol_usdt,BINANCE,2024-01-07 00:00:00,95.18,97.24,91.0,93.96,5097710.53
sol_usdt,BINANCE,2024-01-08 00:00:00,93.96,95.56,85.16,94.67,8530875.56
sol_usdt,BINANCE,2024-01-09 00:00:00,94.69,103.95,93.76,99.8,8808480.54
sol_usdt,BINANCE,2024-01-10 00:00:00,99.79,104.89,91.68,94.78,6759961.119999999
sol_usdt,BINANCE,2024-01-11 00:00:00,94.77,107.32,93.0,100.79,11650352.77
sol_usdt,BINANCE,2024-01-12 00:00:00,100.79,102.4,95.0,95.32,5516450.250000001
sol_usdt,BINANCE,2024-01-13 00:00:00,95.33,96.69,87.0,92.89,5474297.82
sol_usdt,BINANCE,2024-01-14 00:00:00,92.9,99.74,91.57,99.49,4517744.739999999
sol_usdt,BINANCE,2024-01-15 00:00:00,99.49,102.87,92.97,93.51,5367211.140000001
sol_usdt,BINANCE,2024-01-16 00:00:00,93.5,98.29,93.1,97.25,3920474.419999999
sol_usdt,BINANCE,2024-01-17 00:00:00,97.25,102.8,96.1,99.38,5709314.41
sol_usdt,BINANCE,2024-01-18 00:00:00,99.37,103.59,97.25,98.25,5334391.08
sol_usdt,BINANCE,2024-01-19 00:00:00,98.25,98.26,90.71,91.2,6236104.920000002
sol_usdt,BINANCE,2024-01-20 00:00:00,91.21,94.95,87.04,90.84,5204948.43
sol_usdt,BINANCE,2024-01-21 00:00:00,90.84,93.93,90.72,92.5,2252410.15
sol_usdt,BINANCE,2024-01-22 00:00:00,92.51,92.89,85.65,87.26,4476377.71
sol_usdt,BINANCE,2024-01-23 00:00:00,87.29,87.67,79.0,82.71,8984019.76
sol_usdt,BINANCE,2024-01-24 00:00:00,82.71,88.57,80.41,86.99,7016010.000000001
sol_usdt,BINANCE,2024-01-25 00:00:00,86.99,89.64,85.54,86.41,4403233.340000001
sol_usdt,BINANCE,2024-01-26 00:00:00,86.42,92.68,85.09,92.42,4321235.93
sol_usdt,BINANCE,2024-01-27 00:00:00,92.42,93.78,90.68,92.83,3396866.2600000002
sol_usdt,BINANCE,2024-01-28 00:00:00,92.83,99.44,92.19,97.07,4886148.5600000005
sol_usdt,BINANCE,2024-01-29 00:00:00,97.07,100.29,93.45,99.92,4912566.5
sol_usdt,BINANCE,2024-01-30 00:00:00,99.91,106.49,98.97,104.78,7152487.119999999
sol_usdt,BINANCE,2024-01-31 00:00:00,104.77,105.69,97.34,101.55,7726357.28
sol_usdt,BINANCE,2024-02-01 00:00:00,101.54,102.73,93.11,96.0,8033975.33
sol_usdt,BINANCE,2024-02-02 00:00:00,96.0,102.57,94.68,101.3,5906255.44
sol_usdt,BINANCE,2024-02-03 00:00:00,101.3,102.2,96.53,98.0,3278964.25
sol_usdt,BINANCE,2024-02-04 00:00:00,98.0,98.76,95.9,97.62,2597025.82
sol_usdt,BINANCE,2024-02-05 00:00:00,97.62,98.7,94.11,95.6,3864420.669999999
sol_usdt,BINANCE,2024-02-06 00:00:00,95.61,96.79,92.88,95.76,4112789.5600000005
sol_usdt,BINANCE,2024-02-07 00:00:00,95.76,97.88,94.62,96.26,3406053.5299999993
sol_usdt,BINANCE,2024-02-08 00:00:00,96.26,104.98,96.14,104.83,6171359.4
sol_usdt,BINANCE,2024-02-09 00:00:00,104.83,107.0,101.75,105.64,5749495.83
sol_usdt,BINANCE,2024-02-10 00:00:00,105.64,110.86,104.34,108.53,5158211.56
sol_usdt,BINANCE,2024-02-11 00:00:00,108.54,110.67,107.75,108.82,3029691.72
sol_usdt,BINANCE,2024-02-12 00:00:00,108.81,109.34,103.4,108.86,4279708.76
sol_usdt,BINANCE,2024-02-13 00:00:00,108.87,115.15,107.56,110.31,6619740.999999999
sol_usdt,BINANCE,2024-02-14 00:00:00,110.33,118.69,108.25,116.88,5407741.510000001
sol_usdt,BINANCE,2024-02-15 00:00:00,116.89,118.39,112.97,114.05,4578043.08
sol_usdt,BINANCE,2024-02-16 00:00:00,114.04,115.06,107.94,109.67,4587507.2
sol_usdt,BINANCE,2024-02-17 00:00:00,109.67,111.08,105.0,107.2,3171787.06
sol_usdt,BINANCE,2024-02-18 00:00:00,107.19,112.97,106.47,112.32,2669427.4499999997
sol_usdt,BINANCE,2024-02-19 00:00:00,112.32,114.87,110.75,113.69,3728228.56
sol_usdt,BINANCE,2024-02-20 00:00:00,113.69,114.17,103.0,106.62,5048163.05
sol_usdt,BINANCE,2024-02-21 00:00:00,106.62,109.8,101.01,103.86,4785528.74
sol_usdt,BINANCE,2024-02-22 00:00:00,103.86,107.1,100.23,105.39,4363680.609999999
sol_usdt,BINANCE,2024-02-23 00:00:00,105.4,105.47,100.18,100.29,3479572.549999999
sol_usdt,BINANCE,2024-02-24 00:00:00,100.29,102.8,98.48,101.95,2857404.48
sol_usdt,BINANCE,2024-02-25 00:00:00,101.96,104.85,101.91,102.78,2026719.9500000002
sol_usdt,BINANCE,2024-02-26 00:00:00,102.78,105.05,100.29,104.97,3295956.37
sol_usdt,BINANCE,2024-02-27 00:00:00,104.96,112.3,104.53,106.81,7388697.790000001
sol_usdt,BINANCE,2024-02-28 00:00:00,106.81,114.98,105.29,113.07,6804396.46
sol_usdt,BINANCE,2024-02-29 00:00:00,113.08,134.65,106.85,132.32,16762129.660000002
sol_usdt,BINANCE,2024-03-01 00:00:00,132.33,137.8,122.5,131.18,9715449.800000003
sol_usdt,BINANCE,2024-03-02 00:00:00,131.18,133.7,127.2,127.91,5931736.25
sol_usdt,BINANCE,2024-03-03 00:00:00,127.92,131.46,124.17,129.36,5137187.240000001
sol_usdt,BINANCE,2024-03-04 00:00:00,129.35,134.95,128.42,131.77,6225163.64
sol_usdt,BINANCE,2024-03-05 00:00:00,131.76,142.72,127.35,139.18,10922313.469999999
sol_usdt,BINANCE,2024-03-06 00:00:00,139.19,140.59,105.0,128.22,16769081.960000006
sol_usdt,BINANCE,2024-03-07 00:00:00,128.23,149.0,128.03,145.91,10656833.320000002
sol_usdt,BINANCE,2024-03-08 00:00:00,145.92,152.64,142.0,145.35,7371115.85
sol_usdt,BINANCE,2024-03-09 00:00:00,145.38,150.72,142.03,147.0,5566274.57
sol_usdt,BINANCE,2024-03-10 00:00:00,147.0,148.5,141.36,142.91,4349020.540000001
sol_usdt,BINANCE,2024-03-11 00:00:00,142.91,150.2,136.49,147.06,7556520.079999999
sol_usdt,BINANCE,2024-03-12 00:00:00,147.06,155.0,145.76,150.22,7336098.149999999
sol_usdt,BINANCE,2024-03-13 00:00:00,150.23,159.49,141.5,157.25,8024839.4399999995
sol_usdt,BINANCE,2024-03-14 00:00:00,157.25,174.07,156.59,167.64,9096860.809999999
sol_usdt,BINANCE,2024-03-15 00:00:00,167.64,186.77,159.2,181.84,17349666.16
sol_usdt,BINANCE,2024-03-16 00:00:00,181.85,197.95,175.25,195.08,11928275.090000002
sol_usdt,BINANCE,2024-03-17 00:00:00,195.09,196.0,176.78,195.6,12719194.439999998
sol_usdt,BINANCE,2024-03-18 00:00:00,195.6,210.18,192.25,203.81,11441483.509999998
sol_usdt,BINANCE,2024-03-19 00:00:00,203.8,206.28,170.0,182.98,15047600.38
sol_usdt,BINANCE,2024-03-20 00:00:00,182.98,186.36,162.45,170.53,12593983.730000002
sol_usdt,BINANCE,2024-03-21 00:00:00,170.54,195.68,165.51,185.32,10131362.35
sol_usdt,BINANCE,2024-03-22 00:00:00,185.32,187.95,167.57,171.66,7509095.09
sol_usdt,BINANCE,2024-03-23 00:00:00,171.67,179.0,168.2,175.16,4022610.5899999994
sol_usdt,BINANCE,2024-03-24 00:00:00,175.16,177.39,171.25,176.21,2835081.58
sol_usdt,BINANCE,2024-03-25 00:00:00,176.2,194.6,172.43,192.78,5273306.65
sol_usdt,BINANCE,2024-03-26 00:00:00,192.78,196.57,188.07,190.35,4573758.1899999995
sol_usdt,BINANCE,2024-03-27 00:00:00,190.35,192.74,180.0,181.11,5339882.6099999985
sol_usdt,BINANCE,2024-03-28 00:00:00,181.11,189.45,180.0,187.36,3774668.450000001
sol_usdt,BINANCE,2024-03-29 00:00:00,187.36,190.93,183.39,184.91,3505078.7
sol_usdt,BINANCE,2024-03-30 00:00:00,184.92,200.0,184.33,196.29,3958629.039999999
sol_usdt,BINANCE,2024-03-31 00:00:00,196.3,197.9,193.26,195.69,1987185.6099999999
sol_usdt,BINANCE,2024-04-01 00:00:00,195.69,204.46,186.87,188.08,4705271.7700000005
sol_usdt,BINANCE,2024-04-02 00:00:00,188.08,193.96,175.92,177.43,4830065.599999999
sol_usdt,BINANCE,2024-04-03 00:00:00,177.43,192.0,176.77,189.06,5723162.61
sol_usdt,BINANCE,2024-04-04 00:00:00,189.06,191.03,180.02,186.99,3616623.3099999996
sol_usdt,BINANCE,2024-04-05 00:00:00,187.0,190.13,167.84,175.89,5643637.339999999
sol_usdt,BINANCE,2024-04-06 00:00:00,175.89,178.45,172.44,177.17,2251465.0300000003
sol_usdt,BINANCE,2024-04-07 00:00:00,177.16,182.71,176.5,179.64,2638135.6400000006
sol_usdt,BINANCE,2024-04-08 00:00:00,179.65,184.68,175.25,181.46,3627293.86
sol_usdt,BINANCE,2024-04-09 00:00:00,181.46,182.12,169.11,172.47,3177375.8700000006
sol_usdt,BINANCE,2024-04-10 00:00:00,172.48,177.65,162.28,167.92,4197136.790000001
sol_usdt,BINANCE,2024-04-11 00:00:00,167.92,175.99,167.0,173.39,4265942.419999999
sol_usdt,BINANCE,2024-04-12 00:00:00,173.4,176.32,166.49,167.36,3061171.52
sol_usdt,BINANCE,2024-04-13 00:00:00,167.35,167.82,141.0,148.99,9669449.030000001
sol_usdt,BINANCE,2024-04-14 00:00:00,148.99,149.64,116.0,137.99,18730697.240000002
sol_usdt,BINANCE,2024-04-15 00:00:00,137.99,156.06,133.44,143.31,10170626.080000002
sol_usdt,BINANCE,2024-04-16 00:00:00,143.32,144.56,127.43,127.62,10038528.8
sol_usdt,BINANCE,2024-04-17 00:00:00,127.61,142.77,126.4,128.71,9548916.709999999
sol_usdt,BINANCE,2024-04-18 00:00:00,128.72,141.5,126.87,138.99,9176669.020000001
sol_usdt,BINANCE,2024-04-19 00:00:00,139.0,147.49,128.5,146.19,11044253.100000001
